GarageArea,OverallQual,OverallCond,KitchenQual,BsmtExposure,BsmtFinType1,GarageFinish,GrLivArea_log,TotalBsmtSF_log,LotArea_log,SalePrice
294,5,6,2,1.0,3.0,2.0,7.181591944611865,7.181591944611865,9.036106025364846,145000
380,6,7,2,1.0,1.0,2.0,7.360103972989152,6.684611727667927,8.966738978759576,178000
0,5,7,2,1.0,1.0,,6.680854678790215,6.680854678790215,9.080003870248179,85000
240,5,7,3,1.0,5.0,1.0,7.478169694159785,6.595780513961311,8.881975184248867,175000
308,5,6,3,1.0,2.0,1.0,7.433666540166168,6.934397209928558,8.517393171418904,127000
552,5,7,2,1.0,5.0,1.0,6.796823718274855,6.796823718274855,9.19023970026918,149900
400,6,5,3,3.0,1.0,3.0,7.353081920515432,6.529418838262226,9.385301574363845,174000
240,4,8,3,1.0,4.0,1.0,7.051855622955894,6.680854678790215,8.600982717145921,125500
576,6,6,3,1.0,,3.0,7.260522598089852,7.260522598089852,9.400216653174247,175500
474,8,5,3,3.0,1.0,,7.311218384419629,7.311218384419629,9.122492281402987,225000
240,6,5,2,4.0,2.0,1.0,6.81783057145415,6.703188113240863,9.036106025364846,129000
484,5,5,2,3.0,5.0,2.0,6.99117688712121,6.932447891572509,9.503084610020228,159950
478,7,5,2,1.0,5.0,2.0,7.379008127628304,7.148345743900068,9.382695764458287,157000
486,7,6,2,1.0,4.0,1.0,7.594381242551817,6.645090969505644,9.517898598432753,205000
528,7,5,2,1.0,1.0,1.0,7.060476365999801,7.060476365999801,9.169622538697624,140000
390,6,5,3,1.0,1.0,2.0,7.7266536648476425,6.918695219020472,8.995784837848506,200000
450,6,5,3,2.0,,1.0,7.723120092266331,7.501082124259871,9.952325334619427,217000
720,5,7,2,1.0,2.0,2.0,6.716594773520978,6.716594773520978,9.01627006814768,125000
440,6,6,2,1.0,4.0,3.0,7.2633296174768365,6.53813982376767,8.981052985901483,159500
616,6,5,2,1.0,5.0,3.0,7.409741954080923,7.382124365737512,9.426821780416843,184000
200,5,5,2,1.0,1.0,1.0,6.672032945461067,6.645090969505644,9.2681374707024,96500
968,5,5,2,1.0,2.0,,7.876638460975463,7.130098510125578,9.362546304865514,200000
225,5,6,2,1.0,1.0,1.0,7.3632795869630385,6.949856455000773,8.738895704934043,149000
393,6,5,3,1.0,,3.0,7.3031700512368,6.664409020350408,9.233861567017529,178900
555,7,5,3,1.0,,2.0,7.0909098220799835,7.0707241072602764,9.218705288307811,184900
528,7,5,3,1.0,1.0,2.0,7.1316985104669115,6.439350371100098,8.355144739461839,164700
567,7,8,4,3.0,6.0,3.0,7.551186867296149,7.551186867296149,9.770013301136158,335000
400,3,4,2,,,1.0,6.947937068614969,0.0,9.053101595549691,87500
644,7,5,3,1.0,1.0,2.0,7.315218389752975,7.315218389752975,9.163458386076051,233170
271,5,6,3,1.0,1.0,1.0,7.113956109566034,7.113956109566034,9.053101595549691,149350
288,5,7,2,1.0,3.0,1.0,7.1459844677143876,6.725033642166843,9.404672841436273,133000
0,5,6,2,1.0,3.0,,6.762729506931879,6.762729506931879,8.63141433550626,98000
612,6,6,2,1.0,4.0,1.0,7.430707082545968,7.430707082545968,9.234154550075438,207500
490,4,4,2,1.0,4.0,1.0,7.390798521735676,7.156176637480615,9.209540051805414,150000
576,5,5,2,3.0,6.0,1.0,6.755768921984255,6.755768921984255,8.889170455363413,134900
572,7,5,3,1.0,1.0,2.0,7.171656822768514,7.165493475060845,8.881975184248867,187750
505,6,4,2,1.0,,2.0,7.317212408359839,7.317212408359839,9.405989388981,149500
280,4,5,2,1.0,1.0,,6.762729506931879,6.762729506931879,9.143559338285831,116050
528,5,5,2,3.0,6.0,1.0,7.110696122978827,6.99117688712121,8.856376036730422,153337
354,5,5,2,2.0,4.0,,7.232733136177615,7.232733136177615,9.494390858193913,165000
264,5,9,3,1.0,5.0,1.0,6.705639094860003,6.705639094860003,8.79497643168877,130500
784,7,5,2,4.0,6.0,3.0,7.20414929203594,7.20414929203594,8.862341963516347,206300
540,7,5,3,1.0,1.0,1.0,7.239214973779806,6.536691597591305,8.190077049719049,146000
461,5,5,2,1.0,1.0,1.0,6.97166860472579,6.97166860472579,9.09301972939964,126500
552,5,6,2,1.0,1.0,1.0,7.1316985104669115,6.495265555937008,8.587278798982926,139000
0,4,5,2,1.0,1.0,,7.2813856635702825,6.602587892189336,8.402231172946555,113000
0,6,5,2,1.0,1.0,,7.00033446027523,6.35088571671474,9.169622538697624,79000
480,7,5,3,1.0,1.0,3.0,7.264730177929867,7.264730177929867,9.36220272128543,182000
431,6,5,2,1.0,6.0,3.0,7.413970290190444,6.651571873589727,8.987321812850125,188000
720,5,8,3,1.0,5.0,2.0,6.762729506931879,6.762729506931879,8.881975184248867,129000
0,5,8,2,2.0,1.0,,7.564757012905729,6.532334292222349,8.865452825753623,160000
462,6,9,3,1.0,,2.0,7.338238150065589,7.1853870155804165,9.036106025364846,174000
660,7,5,3,3.0,1.0,3.0,7.530479995245536,6.779921907472252,9.550733483340633,219210
812,10,5,4,3.0,6.0,,7.60489448081162,6.925595197110468,9.306014122044465,310000
874,9,5,4,4.0,6.0,3.0,7.491645473605133,7.491645473605133,9.37982994995476,374000
480,5,6,2,1.0,1.0,1.0,6.876264611890766,6.876264611890766,9.050288983827956,100000
619,6,7,3,2.0,4.0,,7.884199933676039,6.961296045910167,9.308374112247549,250000
364,4,9,2,3.0,6.0,1.0,6.8679744089702925,6.47543271670409,9.234740258799718,145000
880,10,9,3,1.0,1.0,1.0,7.9287663216266955,7.121252453244542,9.510519035757246,325000
694,9,5,4,3.0,1.0,3.0,7.880048200971577,7.675081857716334,9.524713059681009,380000
482,8,5,3,4.0,6.0,3.0,7.4067107301776405,7.374629015218945,8.254008590564844,275000
403,6,5,3,1.0,6.0,,7.1693500166706,7.1693500166706,9.32375833901174,180000
776,8,5,3,3.0,1.0,,7.43543801981455,7.43543801981455,9.256842205627603,245350
301,6,8,2,2.0,4.0,2.0,6.8658910748834385,6.8658910748834385,9.455088847042777,151500
300,5,5,2,3.0,4.0,1.0,6.907755278982137,6.8308742346461795,9.230731061623917,134500
0,5,8,2,1.0,1.0,,6.928537818164665,6.660575149839686,8.755107121633896,94000
663,7,5,3,1.0,6.0,2.0,7.423568444259167,6.703188113240863,8.922791623969637,216000
839,8,6,3,4.0,6.0,3.0,7.656337166430183,7.6544432264701125,9.25320827220336,350000
551,6,6,3,1.0,2.0,3.0,7.616283561580385,6.744059186311348,9.396570945266852,195000
288,6,6,2,1.0,,2.0,7.1049654482698426,6.440946540632921,9.283869605264298,120000
647,8,5,3,1.0,,2.0,7.682482446534506,7.158513997329321,9.145908511816794,228500
467,7,6,3,1.0,6.0,3.0,7.523481312573497,6.881411303642535,10.307618437631156,248000
336,5,5,2,1.0,4.0,1.0,7.0431599159883405,7.0431599159883405,9.127502093667179,124000
437,7,5,3,1.0,6.0,3.0,7.316548177182976,7.205635176410364,8.065579427282092,191000
484,6,6,3,1.0,5.0,2.0,7.177782416195197,6.947937068614969,9.224341891611996,181000
280,6,5,2,2.0,3.0,1.0,7.138073034044347,6.329720905522696,9.11173476822206,105000
286,5,5,2,1.0,1.0,2.0,7.260522598089852,6.88653164253051,9.42084437974393,139900
301,6,6,2,1.0,3.0,2.0,7.274479558773871,7.274479558773871,9.18512512283512,157900
240,5,6,2,1.0,4.0,1.0,7.0909098220799835,6.645090969505644,9.373139262281274,130500
460,6,5,2,1.0,1.0,2.0,7.417580402414544,6.860663671448287,9.002331708246244,172400
572,5,5,2,1.0,5.0,1.0,7.215975002651466,5.953243334287785,8.872767529910936,130000
403,8,5,3,3.0,1.0,3.0,7.254884810077338,6.56244409369372,9.111293218374948,178000
457,6,5,2,1.0,3.0,1.0,7.202661196523238,7.224753405767971,9.189218875354072,161500
410,5,7,2,2.0,3.0,1.0,7.020190708311925,6.677083461247136,8.962007209588313,119900
360,6,8,2,1.0,3.0,1.0,7.76046702921342,6.859614903654202,9.714805812589491,239000
546,6,6,2,1.0,4.0,2.0,7.520234556474628,7.520234556474628,9.371778717853713,190000
264,6,5,2,1.0,5.0,1.0,6.895682697747868,6.182084906716632,7.427144133408616,85400
480,6,7,3,2.0,5.0,2.0,7.384610383176974,7.384610383176974,9.268986567408916,205000
484,6,5,2,1.0,5.0,1.0,6.985641817639208,6.98933526597456,9.125653563808989,134000
1356,4,4,2,3.0,4.0,3.0,7.392031567514591,7.1308988302963465,10.387887062065596,168000
413,6,5,2,3.0,6.0,3.0,7.321188556739478,6.688354713946762,9.324383088016843,185000
484,5,7,2,3.0,6.0,2.0,7.050122520269059,7.050122520269059,9.554851637414007,180500
282,5,5,2,1.0,4.0,1.0,7.351799869057777,6.814542897259958,9.525953709356655,152000
471,8,5,3,1.0,,2.0,7.555905093611346,6.656726524178391,9.164819856674374,215000
756,5,7,2,2.0,4.0,1.0,7.175489713624222,6.900730664045173,9.072571442231286,153000
360,5,5,2,1.0,1.0,1.0,7.668093709082406,6.745236349484363,8.999742789830492,106000
610,8,5,3,1.0,1.0,2.0,7.810758116529357,7.365812837209472,9.318656515459642,340000
440,6,7,3,1.0,3.0,,7.45876269238096,6.816735880594968,9.18881025342582,159000
208,6,7,2,1.0,1.0,2.0,7.055312843339752,6.760414691083428,8.699681400989514,120000
336,5,4,2,,,1.0,7.4798641311650265,0.0,9.987415012471414,115000
440,6,5,2,1.0,5.0,2.0,6.8658910748834385,6.983789965258135,8.502891406705377,128000
774,9,5,3,3.0,,1.0,7.511524648390866,7.508238774678663,9.36691667901828,314813
281,5,4,2,1.0,2.0,1.0,7.448333860897476,6.645090969505644,9.342245442856122,131000
858,9,5,4,3.0,6.0,3.0,7.906178840394815,7.2813856635702825,9.612399686949514,446261
560,6,6,2,1.0,2.0,,7.221105098182496,6.785587645007929,8.738895704934043,127500
164,7,8,4,1.0,5.0,1.0,7.510430556378006,6.814542897259958,7.824445930877619,155000
521,6,5,3,1.0,5.0,2.0,7.0909098220799835,7.0909098220799835,9.328123407632566,177500
660,5,6,2,1.0,3.0,,7.232010331664759,6.580639137284949,9.422139821589736,128500
400,6,5,3,1.0,1.0,,7.284134806195205,6.591673732008658,8.990939806940807,176000
711,8,7,3,1.0,6.0,2.0,7.803435056952168,7.396335293800808,10.749141204810842,402000
0,5,6,2,3.0,1.0,,7.583247524303362,6.846943139585379,9.050875597325156,130000
504,6,7,2,1.0,3.0,2.0,6.996681488176539,6.996681488176539,9.018089684104343,145000
264,5,7,3,1.0,5.0,1.0,7.01571242048723,7.01571242048723,9.169622538697624,147000
0,4,5,2,1.0,5.0,,6.762729506931879,6.762729506931879,9.259225769705994,115000
442,7,5,3,1.0,1.0,3.0,7.498315870766981,6.902742737158593,8.922791623969637,189000
576,5,4,2,3.0,1.0,1.0,7.398174092970465,7.398174092970465,10.12667110305036,143000
624,6,7,2,1.0,5.0,2.0,7.869019376499023,7.328437352895162,9.287394001418473,240000
626,7,5,3,1.0,6.0,,7.181591944611865,7.181591944611865,8.517593111437565,230000
564,7,5,3,1.0,6.0,2.0,7.562161631225652,6.621405651764134,9.228867676590067,190000
606,7,5,3,3.0,6.0,2.0,7.3031700512368,7.295735072749282,9.036106025364846,213000
0,4,7,1,1.0,2.0,,6.5638555265321274,6.042632833682381,8.581294116822761,82500
856,8,5,4,3.0,6.0,3.0,7.446585099157725,7.446585099157725,9.16868469670735,274900
308,5,6,2,1.0,4.0,1.0,7.146772179452637,7.146772179452637,8.978660489639687,155000
1134,8,5,4,2.0,,3.0,7.6487397889562425,7.639161171659173,9.947360886980098,423000
288,5,7,2,2.0,3.0,2.0,6.762729506931879,6.762729506931879,9.165447603085447,128500
836,9,5,4,3.0,6.0,3.0,7.68937110752969,7.007600613951853,9.333354147871328,335000
757,8,5,3,1.0,6.0,2.0,7.393263094763838,7.393263094763838,9.430439293104167,262000
384,5,5,2,1.0,3.0,1.0,6.947937068614969,6.947937068614969,9.32375833901174,129500
434,7,5,3,1.0,1.0,3.0,7.618742377670413,6.785587645007929,9.159678457173955,222500
481,8,5,4,3.0,2.0,3.0,7.3098814858247865,7.3098814858247865,9.164296433474776,270000
626,7,5,3,1.0,6.0,2.0,7.181591944611865,7.181591944611865,8.529911963824013,207500
539,6,6,2,1.0,5.0,1.0,7.463936604468925,6.555356891810665,9.367429587218957,175000
833,7,5,3,2.0,4.0,2.0,7.662937850461535,7.007600613951853,9.482350275033667,238000
0,5,6,1,1.0,,,7.448333860897476,6.660575149839686,8.646113971483077,135900
484,7,5,3,2.0,,2.0,7.214504414151143,7.214504414151143,8.759668671029939,224000
400,7,5,2,1.0,,2.0,7.266128779556451,5.953243334287785,9.207135241027235,170000
400,7,5,3,1.0,6.0,2.0,7.108244139731541,7.108244139731541,8.922791623969637,185000
615,7,5,3,1.0,1.0,3.0,7.647308832356238,6.816735880594968,9.145908511816794,263000
360,5,5,2,1.0,3.0,1.0,6.762729506931879,6.762729506931879,9.021839764105513,62383
750,5,7,4,1.0,3.0,2.0,6.960347729101308,6.9167150203536085,9.102086786535928,150000
611,5,5,2,4.0,5.0,3.0,7.43955930913332,7.237778191923443,9.720045368073471,171000
308,5,6,2,1.0,3.0,2.0,6.963189985870238,6.963189985870238,9.009080614161977,139000
220,3,8,2,1.0,5.0,1.0,7.059617628291383,7.0587581525186645,8.669227347271736,126175
562,7,6,3,1.0,1.0,2.0,7.418180822726788,6.70196036600254,9.002824076547672,205950
528,6,8,3,2.0,1.0,1.0,7.087573705557973,6.529418838262226,9.42181611842271,110000
820,9,5,4,1.0,1.0,3.0,8.052296499538647,7.563719668414366,9.511851382364405,485000
530,7,6,2,1.0,1.0,1.0,7.428333194190806,7.173958319756794,9.249657234353133,174000
525,5,5,2,4.0,6.0,3.0,6.9782137426306985,6.306275286948016,8.209580483475577,145000
614,7,5,3,2.0,6.0,1.0,7.344719054149673,6.6293632534374485,9.0642735958414,215200
788,9,5,4,1.0,1.0,3.0,7.552762084214147,7.552762084214147,9.364862411412354,320000
550,7,6,3,3.0,6.0,2.0,7.415776975415394,6.684611727667927,9.275003885301905,212000
520,6,5,2,4.0,6.0,2.0,7.208600337960199,7.130098510125578,9.107310471656639,168500
462,6,5,3,1.0,1.0,2.0,7.520776415062797,6.962243464266207,9.325364048544964,189000
300,5,6,2,1.0,1.0,2.0,7.379008127628304,6.280395838960195,9.53430615650521,140000
409,6,5,2,1.0,5.0,3.0,7.312553498102598,6.539585955617669,9.475163150281881,187500
678,7,5,3,1.0,6.0,2.0,7.5745584842024805,6.899723107284872,9.437714959818209,254900
260,5,7,2,1.0,5.0,,7.002155954403621,7.002155954403621,8.908018322784887,135000
460,6,8,2,1.0,5.0,1.0,6.961296045910167,6.961296045910167,9.18512512283512,151000
288,5,6,2,1.0,3.0,3.0,6.834108738813838,6.834108738813838,8.699681400989514,112500
240,7,6,2,1.0,3.0,1.0,7.507141079727608,6.934397209928558,9.118334726180159,184000
672,7,3,2,1.0,6.0,3.0,8.03365842788615,6.715383386334681,9.671807670199632,197000
304,4,5,2,3.0,1.0,1.0,7.489412083508719,7.007600613951853,9.328212292571072,161500
280,5,4,2,1.0,,1.0,6.930494765951626,6.930494765951626,8.881975184248867,85000
508,7,5,3,1.0,6.0,,7.150701457592526,7.150701457592526,9.08421009483197,203000
656,9,5,4,1.0,1.0,3.0,7.826044013518965,7.023758954738443,9.323579767582693,325000
736,9,5,4,2.0,6.0,3.0,7.675081857716334,7.273092595999522,9.310276200588783,313000
577,8,5,3,1.0,6.0,,7.616775808698373,7.029087564149662,9.156306483483696,237000
520,6,6,2,1.0,1.0,1.0,7.509335266016592,6.639875833826536,9.511629447834181,180500
275,5,6,2,1.0,4.0,,6.9167150203536085,6.9167150203536085,9.343646739284408,137000
352,5,6,3,1.0,2.0,1.0,6.543911845564792,6.089044875446846,8.361941906144946,90350
574,6,5,2,4.0,3.0,1.0,7.455298485683291,7.455298485683291,9.444700778495557,150900
472,7,5,3,3.0,5.0,2.0,7.370860166536716,7.370860166536716,9.236495329453033,214000
528,5,6,2,1.0,,1.0,7.239214973779806,7.239214973779806,9.336267928573973,121500
813,10,5,4,3.0,6.0,3.0,8.406708458240965,7.781973234434385,9.656563472556515,745000
534,7,6,2,1.0,1.0,2.0,7.585788821732034,6.695798917058491,9.38873757187798,190000
457,7,5,3,1.0,6.0,3.0,7.316548177182976,7.205635176410364,8.065579427282092,181000
350,5,3,2,1.0,1.0,1.0,7.152268856032539,7.152268856032539,9.166597449028265,60000
702,9,5,4,1.0,1.0,3.0,7.496097345175956,7.496097345175956,9.386308454797962,239000
0,6,5,2,3.0,6.0,,6.705639094860003,6.705639094860003,9.37940781309172,118500
625,5,7,2,,,1.0,6.947937068614969,0.0,8.881975184248867,109500
280,5,6,2,1.0,1.0,1.0,6.829793737512425,6.829793737512425,8.986071187374463,110000
528,6,6,3,1.0,1.0,1.0,6.725033642166843,6.725033642166843,8.885717651712119,105500
431,7,5,3,1.0,1.0,3.0,7.54274354536855,6.836259277277067,9.32500744695431,199900
701,7,7,3,2.0,5.0,2.0,7.69484807238461,7.677400430514807,9.59458184363272,271900
504,5,4,2,2.0,4.0,1.0,6.946975992135418,6.946975992135418,9.360999248261296,131500
312,5,5,2,1.0,1.0,,7.148345743900068,6.580639137284949,9.965851836732678,135000
384,5,8,2,1.0,3.0,1.0,7.221105098182496,6.759255270663693,9.036701015565063,119000
542,7,6,2,1.0,1.0,3.0,7.646831391430482,6.674561391814426,9.93037288131751,215000
338,5,6,2,3.0,4.0,1.0,6.762729506931879,6.762729506931879,9.650142492488797,133500
336,6,7,3,1.0,1.0,1.0,7.803026643632217,6.690842277418564,9.173572647783969,169000
480,6,7,3,4.0,6.0,2.0,6.961296045910167,6.842683282238422,9.082620630373812,137500
0,5,5,2,1.0,5.0,,7.02197642307216,7.02197642307216,9.036344063928219,147000
834,7,5,3,3.0,1.0,2.0,7.388327859577107,7.388327859577107,9.069813136839207,232000
515,5,7,2,1.0,5.0,2.0,6.97914527506881,6.97914527506881,9.238927828828094,156000
418,5,5,2,3.0,5.0,2.0,7.237059026124737,7.237059026124737,9.211439767419483,170000
539,4,5,2,1.0,4.0,,6.759255270663693,6.759255270663693,9.42084437974393,82500
576,7,9,3,1.0,5.0,2.0,7.035268599281097,6.329720905522696,8.881975184248867,155000
1052,8,5,3,4.0,6.0,2.0,7.947678571301568,7.2909747781429814,9.20693457884135,424870
608,8,5,3,1.0,6.0,2.0,7.388327859577107,7.3752557780097545,8.592300663903043,236500
528,5,8,3,4.0,5.0,2.0,7.271008538280992,7.271008538280992,9.284426915328881,218000
451,7,5,3,1.0,,1.0,7.396948602621014,7.396948602621014,9.18512512283512,213000
765,8,5,3,4.0,6.0,3.0,7.496097345175956,7.496097345175956,9.570250078424845,312500
512,6,7,2,1.0,1.0,2.0,7.526178913346146,6.270988431858299,9.169622538697624,187000
502,6,5,2,1.0,1.0,3.0,7.424165281042028,6.7357800142423265,10.113870026547724,181000
618,7,5,3,1.0,6.0,2.0,7.642524134232902,6.863803391452954,9.224539091375995,233000
200,5,6,2,2.0,2.0,1.0,7.013915474810528,6.424869023905388,9.114379980830272,95000
0,3,6,2,1.0,1.0,,6.593044534142437,5.602118820879701,8.326274787396764,52000
435,6,5,2,1.0,,1.0,7.369600720526409,7.217443431696533,9.743553514619803,181000
1166,9,5,4,1.0,6.0,3.0,7.711996507047669,7.7039102096163115,9.765603845172741,501837
0,4,4,2,1.0,4.0,,6.755768921984255,6.755768921984255,9.002824076547672,88000
0,5,5,2,1.0,,,6.726233402358747,6.726233402358747,9.080345575359996,112000
506,5,7,2,1.0,3.0,1.0,7.157735484249907,6.837332814685591,8.957252944288902,140000
418,6,5,2,1.0,6.0,3.0,7.405495663199472,7.256297239690681,9.169622538697624,167000
292,6,5,2,1.0,3.0,,7.232733136177615,7.232733136177615,9.358846580275406,145250
500,6,6,2,1.0,5.0,1.0,7.637234388789473,7.341483852363161,9.486152271857476,210000
686,5,8,3,1.0,1.0,1.0,7.3395376954076745,6.478509642208569,9.25349564229011,157500
782,7,5,3,3.0,6.0,,7.347943823148687,7.347943823148687,9.218804450388312,212900
429,5,6,2,1.0,4.0,1.0,6.8308742346461795,6.8308742346461795,9.116139576577355,117500
494,7,5,3,3.0,6.0,2.0,7.254884810077338,7.254884810077338,9.07954808172616,185500
0,3,2,1,1.0,1.0,,7.3310603052186325,6.921658184151129,9.044403844431551,85000
588,5,5,2,1.0,2.0,3.0,7.44600149832412,7.394493107219038,9.035272443893536,145000
908,8,5,3,3.0,1.0,2.0,7.4489161025442,7.444248649496705,9.318925682389624,255500
240,5,6,4,1.0,1.0,1.0,7.467942332285852,6.456769655572163,9.105090961257085,124000
624,6,9,2,1.0,1.0,1.0,7.0707241072602764,6.54965074223381,8.699681400989514,134900
504,8,5,3,1.0,1.0,2.0,7.5688956634069955,7.249215057114389,9.323222529032856,230500
684,4,6,2,1.0,5.0,1.0,6.755768921984255,6.755768921984255,8.901230352110781,110000
685,8,5,3,3.0,1.0,2.0,7.560080465021827,6.984716320118266,9.655795128300506,233230
576,7,7,3,1.0,1.0,1.0,7.47477218239787,6.391917113392602,8.881975184248867,157000
576,5,5,2,1.0,2.0,1.0,7.455298485683291,7.455298485683291,9.480520169291822,142600
474,7,5,3,1.0,6.0,2.0,7.394493107219038,6.639875833826536,7.803435056952168,154000
426,7,5,3,3.0,6.0,2.0,7.311218384419629,6.484635235635252,9.747126097411705,179665
160,6,5,2,2.0,,1.0,6.673297967767654,6.645090969505644,8.747193183526933,91000
550,7,7,2,1.0,1.0,2.0,7.568379267836522,6.677083461247136,9.42424134192346,197900
483,7,6,2,1.0,,2.0,7.583247524303362,6.6895992691789665,9.257319373170178,205000
228,8,7,3,1.0,1.0,1.0,7.418780882750794,6.3784261836515865,8.537191877922927,161000
328,5,8,2,3.0,6.0,1.0,6.893656354602635,6.893656354602635,9.034318927730707,149900
484,7,5,3,3.0,6.0,2.0,7.214504414151143,7.214504414151143,9.011767474596178,207000
420,6,5,3,3.0,6.0,,6.744059186311348,6.744059186311348,8.395477432732141,143000
753,8,5,4,2.0,1.0,3.0,7.58629630715272,6.990256500493881,9.311632623458054,281000
834,8,5,3,2.0,1.0,3.0,7.624130585661289,7.624130585661289,9.379661116592885,372500
839,7,5,3,1.0,6.0,,7.531552381407289,6.900730664045173,9.241548299100376,235000
441,6,6,3,1.0,1.0,1.0,7.666221925662725,6.739336627357174,9.383368881858544,214500
656,7,5,3,4.0,6.0,2.0,7.881182202227102,7.206377291472252,9.200391041122515,260000
923,6,7,2,1.0,6.0,,7.1204443723924875,6.816735880594968,8.910315776326016,149700
484,5,5,2,3.0,4.0,1.0,6.805722553416985,6.762729506931879,9.092232283495854,131000
352,5,6,2,1.0,5.0,,6.816735880594968,6.816735880594968,9.470317173335742,144000
528,6,5,2,4.0,4.0,3.0,7.4127640174265625,6.985641817639208,10.366309203003638,215000
884,6,5,2,4.0,3.0,1.0,7.232010331664759,7.217443431696533,9.867704922396356,176000
630,5,5,2,,,1.0,7.611347717403621,0.0,9.036106025364846,144000
440,6,7,2,3.0,,1.0,6.959398512133975,6.918695219020472,9.084436955087027,155000
752,8,5,3,3.0,2.0,2.0,7.836764783264067,7.1846291527173145,9.413934064045677,290000
660,8,5,3,2.0,6.0,3.0,7.52456122628536,6.912742820493176,9.112396727646056,230000
500,8,5,3,2.0,6.0,2.0,7.415175109613295,7.415175109613295,9.228474942171665,290000
506,9,5,3,3.0,6.0,3.0,7.444248649496705,7.4377951216719325,8.540909718033554,328900
288,6,8,3,2.0,6.0,,6.816735880594968,6.816735880594968,8.820108644508608,142000
470,6,5,3,1.0,6.0,2.0,7.475905969367397,6.834108738813838,9.64387450001194,231500
497,6,6,2,1.0,4.0,1.0,7.241366283322318,6.584791392385716,9.467846701917901,162000
308,5,5,2,1.0,5.0,3.0,6.947937068614969,6.947937068614969,8.922791623969637,133000
968,10,5,4,4.0,6.0,3.0,7.780303087908373,7.780303087908373,9.508442961755847,386250
440,6,6,3,1.0,4.0,,7.00669522683704,7.00669522683704,8.699681400989514,110500
836,8,5,4,1.0,6.0,3.0,7.639642287858013,6.942156705699469,9.287394001418473,339750
360,5,6,2,3.0,4.0,1.0,6.6895992691789665,6.580639137284949,8.517393171418904,87000
300,6,8,3,1.0,1.0,1.0,7.050122520269059,6.996681488176539,9.546884034617925,158500
528,7,6,3,4.0,6.0,2.0,7.068172000388042,6.960347729101308,9.271059107010888,170000
0,4,5,1,,,,6.996681488176539,0.0,8.630700432209832,55000
180,5,5,2,2.0,1.0,1.0,7.487173694213739,6.617402977974478,9.48288342558516,138887
487,7,6,3,1.0,1.0,2.0,7.560601162768557,6.3473892096560105,9.229456489168413,170000
690,7,5,3,1.0,1.0,2.0,7.421177528595393,7.421177528595393,9.60642831827175,240000
480,7,5,3,1.0,1.0,2.0,7.1098794630722715,6.398594934535208,7.841885928984623,147400
484,7,8,2,1.0,5.0,3.0,7.496652438168283,7.31455283232408,9.655218482441182,289000
506,5,5,2,1.0,1.0,1.0,7.4127640174265625,7.4127640174265625,9.132054453577638,135000
642,7,5,3,1.0,5.0,1.0,7.4489161025442,6.6293632534374485,9.164401140034737,140000
779,9,5,3,1.0,1.0,3.0,7.8632667240095735,7.2399325913204695,9.6006918422743,333168
312,5,7,3,1.0,2.0,1.0,7.405495663199472,6.591673732008658,9.15704507491796,146500
872,8,5,3,3.0,6.0,,7.81156848934518,7.036148493750536,9.400960731584833,354000
480,5,5,2,1.0,6.0,1.0,7.217443431696533,6.680854678790215,9.55506418479516,143000
472,8,5,4,3.0,6.0,2.0,7.3031700512368,7.29776828253138,9.109193189971226,265900
884,5,8,3,2.0,6.0,1.0,7.0909098220799835,6.762729506931879,9.130322663990151,146000
478,6,5,2,1.0,1.0,2.0,7.208600337960199,6.970730078143525,9.224341891611996,165000
0,4,5,1,,,,7.050122520269059,0.0,8.706324840138741,82000
583,7,5,3,1.0,2.0,3.0,7.427144133408616,7.409136443920128,9.224341891611996,213250
352,5,4,2,1.0,1.0,1.0,7.273092595999522,6.293419278846481,8.517393171418904,79000
318,5,5,2,1.0,4.0,2.0,7.102499355774649,7.102499355774649,9.245321340871428,143000
475,6,8,3,1.0,6.0,2.0,7.299797366758161,6.587550014824796,9.511777409660299,130500
800,8,5,3,1.0,1.0,,7.496652438168283,6.795705775173514,9.25569607369698,239900
213,6,7,3,1.0,4.0,1.0,7.3098814858247865,6.648984550024776,8.922791623969637,177500
514,7,5,3,1.0,6.0,1.0,7.753623546559746,7.297091005160418,9.379238908437996,262280
825,8,5,3,3.0,1.0,,7.370860166536716,7.370860166536716,9.210440366976517,227000
539,6,6,2,2.0,5.0,3.0,7.085901464365611,6.486160788944089,9.09504174761272,159500
576,6,5,3,4.0,6.0,2.0,7.3098814858247865,7.299797366758161,9.13097243659261,217000
666,8,5,3,3.0,,3.0,8.08301991917133,7.617759576608505,9.597030324758013,410000
576,5,5,2,3.0,6.0,1.0,6.818924065275521,6.769641976852503,9.087833697483386,148000
546,7,7,4,1.0,2.0,1.0,7.403670290012373,6.591673732008658,9.169622538697624,178000
360,5,7,2,1.0,1.0,1.0,7.3613754289773485,6.983789965258135,8.738895704934043,162900
588,7,5,2,3.0,6.0,1.0,7.29505641646263,7.224753405767971,9.55506418479516,187500
423,6,7,2,2.0,5.0,1.0,7.467942332285852,6.891625897052253,9.434203664214742,160000
578,8,5,3,3.0,6.0,2.0,7.478169694159785,6.7650389767805414,9.284519770150434,212000
297,6,5,2,1.0,2.0,2.0,7.087573705557973,7.087573705557973,9.105090961257085,139000
520,4,5,3,,,3.0,7.027314514039777,0.0,9.080003870248179,108000
290,4,3,2,,,1.0,6.740519359606223,0.0,9.350189267092581,84000
530,5,4,2,3.0,,2.0,7.585281078639126,6.665683717782408,9.312535884290853,172000
392,5,7,2,1.0,4.0,1.0,7.108244139731541,6.665683717782408,9.1838937219612,104900
216,6,7,2,1.0,1.0,1.0,7.221835825288449,6.529418838262226,8.188966863648876,114504
280,6,6,2,1.0,3.0,1.0,6.895682697747868,6.182084906716632,7.533693709848633,106000
719,7,5,3,2.0,6.0,3.0,7.274479558773871,6.814542897259958,9.245514446983837,179900
396,4,5,2,1.0,2.0,1.0,7.107425474110705,6.729824070489475,9.09133158539398,102000
570,7,5,3,3.0,6.0,2.0,7.313886831633462,7.313886831633462,9.046408680293819,190000
1069,8,5,3,2.0,6.0,3.0,7.804251383528112,7.158513997329321,9.713899659750128,340000
576,7,5,2,4.0,6.0,2.0,7.699842407396986,7.5745584842024805,9.898525260706313,180000
632,7,5,3,3.0,6.0,2.0,7.097548850614793,7.080026499922591,8.81922185757494,206000
352,5,5,2,1.0,1.0,1.0,7.493317248862145,6.957497370876951,9.405166749908611,131500
0,4,3,2,4.0,,,7.273092595999522,7.273092595999522,8.950532836290382,150000
460,6,5,3,2.0,6.0,2.0,7.10085190894405,7.10085190894405,9.251578279992428,186000
288,7,7,2,1.0,1.0,1.0,7.013915474810528,6.35088571671474,8.648396877031582,116900
831,8,9,3,1.0,6.0,3.0,7.906915488678587,7.04141166379481,9.100971834920818,299800
527,7,5,3,3.0,1.0,3.0,7.45298232946546,6.78105762593618,9.09661160664784,188000
528,6,5,2,1.0,5.0,1.0,7.192182058713246,7.192182058713246,9.189218875354072,143000
288,5,5,2,3.0,,2.0,6.959398512133975,6.959398512133975,9.036106025364846,138500
462,8,5,3,1.0,1.0,1.0,7.790696031174738,7.161622002939187,9.684086987500752,260000
280,4,6,2,1.0,3.0,,6.855408798609928,6.855408798609928,9.010791269515602,119000
532,7,8,3,1.0,1.0,1.0,7.61085279039525,6.591673732008658,9.342683558963897,167500
0,4,7,1,1.0,1.0,,6.76849321164863,6.089044875446846,8.682877107057168,85500
627,8,5,3,2.0,6.0,2.0,7.349230824613334,7.349230824613334,8.431853144249223,209500
576,6,5,2,2.0,5.0,1.0,7.655864017616056,6.859614903654202,9.312535884290853,206900
576,5,7,3,1.0,1.0,1.0,7.256297239690681,6.705639094860003,10.14013945387513,112000
398,6,5,2,1.0,6.0,,7.374001859350161,6.733401891837359,8.91139510724569,193000
676,6,7,3,1.0,5.0,,7.231287004327616,7.057897937411856,9.144307401371744,197500
338,6,6,2,1.0,3.0,2.0,7.398174092970465,7.123672785204607,9.169622538697624,139000
240,5,7,1,1.0,1.0,1.0,6.86171134048073,6.825460036255307,8.749256840105007,119750
672,7,5,3,,,2.0,7.56164174558878,0.0,8.895903562215581,198500
484,5,6,2,1.0,4.0,1.0,6.8885724595653635,6.8885724595653635,8.862908295118627,135000
608,7,5,3,2.0,6.0,2.0,7.488293515159428,6.825460036255307,9.328212292571072,223500
636,8,5,3,3.0,6.0,2.0,7.43543801981455,7.430707082545968,9.218804450388312,307000
240,6,6,2,1.0,5.0,1.0,6.880384082186005,6.880384082186005,8.987321812850125,132000
576,5,6,2,1.0,3.0,1.0,7.271008538280992,7.080867896690782,9.559305672844863,168000
905,8,5,3,1.0,1.0,3.0,7.724888439323074,6.962243464266207,9.13140538388804,287000
550,7,6,2,1.0,6.0,2.0,7.453561871643373,6.29156913955832,9.357466436866476,197000
447,5,6,3,1.0,4.0,1.0,7.1204443723924875,6.976348070447749,9.211539652551664,134450
286,5,5,2,1.0,2.0,2.0,6.947937068614969,6.947937068614969,8.93075873555827,133700
772,8,5,3,1.0,6.0,,7.4413203897176174,7.4413203897176174,9.348274558065496,306000
478,6,5,2,1.0,5.0,3.0,7.329093736246592,7.085064293952548,9.338029733117072,180000
776,8,5,3,1.0,1.0,2.0,7.306531398939505,7.306531398939505,9.325185763645223,232600
660,7,5,3,1.0,,,7.358830898342354,7.234898420314831,8.19863945529737,175900
573,7,5,3,1.0,1.0,2.0,7.10085190894405,7.10085190894405,9.116139576577355,178000
544,7,5,3,1.0,6.0,2.0,7.3613754289773485,7.3613754289773485,9.191055610564316,227000
484,6,5,2,1.0,3.0,2.0,7.490529402060711,6.597145701886651,9.249657234353133,165150
528,5,6,3,4.0,6.0,2.0,7.3632795869630385,7.1891677384203225,9.970445020661009,223500
673,6,5,3,1.0,3.0,2.0,7.455298485683291,6.762729506931879,9.081597496083457,207500
890,8,5,3,1.0,1.0,2.0,7.3783837129967145,7.356918242356021,9.56317796268366,256300
676,9,5,3,4.0,6.0,3.0,7.56164174558878,7.56164174558878,9.558035114334135,377426
650,7,5,3,3.0,1.0,2.0,7.4342573821331355,6.741700694652055,9.484937204879309,224500
826,8,5,3,3.0,6.0,,7.4127640174265625,7.4127640174265625,9.314430080500564,249700
273,4,7,2,1.0,1.0,1.0,6.954638864880987,6.464588303689961,9.287394001418473,100000
706,9,5,4,1.0,6.0,3.0,7.911690520708339,7.522400231387125,9.92485757827232,437154
576,6,5,2,1.0,,2.0,7.262628600974241,7.262628600974241,9.227787285579904,180500
192,6,6,1,1.0,1.0,1.0,6.859614903654202,6.859614903654202,9.088737550216933,121000
576,5,5,2,1.0,5.0,1.0,6.898714534329988,6.898714534329988,9.515543058145953,156000
540,6,5,2,4.0,5.0,1.0,6.8966943316227125,6.844815479208263,9.973666387157374,180000
384,4,4,2,1.0,3.0,1.0,6.963189985870238,6.963189985870238,9.093918908958932,107000
758,9,5,4,4.0,6.0,3.0,7.465655310134056,7.465655310134056,9.608646582885868,377500
427,7,5,2,1.0,1.0,3.0,7.449498005382849,6.725033642166843,9.224440496354964,185000
480,5,6,2,3.0,5.0,2.0,7.289610521451167,6.255750041753367,9.46397433028839,175000
493,7,5,3,1.0,1.0,2.0,7.415175109613295,6.723832440821209,9.097843340749037,195000
576,9,5,4,1.0,6.0,2.0,7.469083884921234,7.469083884921234,8.943636705909594,319900
600,5,5,2,1.0,6.0,2.0,7.8713112033234065,7.216709486709457,9.846440897156853,190000
884,10,5,4,4.0,6.0,3.0,8.450412157725886,8.051659556841953,10.599006917241129,184750
0,5,6,3,1.0,5.0,,6.665683717782408,6.665683717782408,8.721113147762688,109500
544,4,5,1,1.0,5.0,2.0,7.02197642307216,6.947937068614969,8.849513965486398,129000
459,4,5,2,1.0,3.0,,7.232010331664759,6.9584483932976555,9.326878188224134,148000
440,6,5,2,2.0,3.0,3.0,7.234898420314831,6.511745329644728,9.360224821513475,158900
0,1,3,1,,,,5.814130531825066,0.0,8.517393171418904,39300
480,7,5,3,1.0,1.0,2.0,7.0909098220799835,6.398594934535208,8.065579427282092,151000
398,7,5,3,1.0,1.0,3.0,7.254884810077338,7.226936018493289,8.030409562130485,178740
792,5,5,2,1.0,1.0,1.0,7.368339686311381,7.368339686311381,9.09884999594282,124000
400,8,7,3,1.0,1.0,1.0,7.325148957955575,6.675823221634848,9.344521553442203,230000
528,6,7,3,1.0,5.0,,7.138073034044347,7.138073034044347,9.309370895439137,145000
288,5,6,2,1.0,6.0,1.0,6.805722553416985,6.776506992372183,8.728102205062104,125500
576,6,5,3,1.0,5.0,1.0,7.055312843339752,7.055312843339752,9.47830431356186,158000
432,5,7,2,1.0,5.0,1.0,6.872128101338986,6.776506992372183,9.500095294588894,163500
596,6,5,2,1.0,2.0,1.0,7.7752758464868625,6.92951677076365,9.822873848541882,129000
632,7,5,3,3.0,6.0,,7.117205503164344,7.117205503164344,8.897682313454224,194500
352,5,7,2,3.0,5.0,1.0,6.762729506931879,6.762729506931879,8.879193928110318,127000
575,7,6,3,3.0,6.0,,7.592366128519796,6.694562058521095,9.33149549353265,228500
592,8,5,3,3.0,6.0,2.0,7.562681246721884,6.99117688712121,9.39366142910322,280000
282,7,9,3,1.0,1.0,1.0,7.640603826393634,7.152268856032539,9.298259670014065,234000
460,6,5,2,1.0,1.0,2.0,7.4073177104694174,6.860663671448287,8.976893927666076,175000
533,6,5,3,1.0,2.0,,7.388946097618437,7.380879035564116,8.98882050177807,193000
252,5,6,2,,,,7.201170883281678,0.0,9.11173476822206,120000
606,9,5,4,3.0,6.0,3.0,7.57095858316901,7.565793282428515,9.226213721132472,395192
325,6,4,2,1.0,3.0,1.0,7.526178913346146,6.902742737158593,9.161780181360806,136900
504,5,7,3,3.0,5.0,2.0,6.785587645007929,6.734591659972948,9.1248914101437,144000
474,7,5,3,1.0,1.0,2.0,7.394493107219038,6.639875833826536,7.874358824729881,175500
240,5,7,2,1.0,2.0,1.0,7.158513997329321,6.580639137284949,8.160803920954665,110000
779,8,5,3,2.0,1.0,1.0,7.736743682453495,7.029087564149662,9.328212292571072,255900
516,5,5,2,4.0,2.0,1.0,6.705639094860003,6.705639094860003,9.044639916198465,110000
786,7,5,3,1.0,6.0,1.0,7.688913336864796,7.094234845924755,9.535173710058757,229000
456,5,6,2,1.0,2.0,1.0,7.533693709848633,6.9930151229329605,9.084890521258767,124900
240,7,5,2,1.0,3.0,1.0,7.4067107301776405,6.823286122355687,8.871926251117628,164000
620,8,5,3,1.0,6.0,3.0,7.520234556474628,7.520234556474628,9.305195902988862,257000
722,8,5,3,4.0,,3.0,7.360103972989152,7.360103972989152,9.30492301446213,239000
484,7,5,3,1.0,1.0,1.0,7.641564441260972,7.217443431696533,9.343734255146714,200000
766,7,5,2,1.0,1.0,1.0,7.580699752224563,7.553810852008231,9.312084355859467,171000
656,8,5,4,1.0,1.0,3.0,7.772752716468742,7.074963197966044,9.392661928770137,285000
509,6,6,3,1.0,3.0,3.0,7.669961995473577,6.799055862058796,9.472781556562168,193500
480,7,5,3,1.0,1.0,2.0,7.0909098220799835,6.398594934535208,8.064950891749143,144152
648,8,5,3,1.0,1.0,2.0,7.597396320212795,6.960347729101308,9.145908511816794,250000
648,8,5,3,1.0,1.0,3.0,7.734558844354756,6.877296071497429,9.305741456739435,248000
739,7,5,3,4.0,6.0,1.0,7.509335266016592,7.404887575616125,11.65399090524883,302000
772,9,5,3,4.0,6.0,3.0,7.523481312573497,7.51425465281641,9.682466746602897,326000
0,5,7,2,1.0,5.0,,7.212294468500341,6.4692503167957724,9.220983532074662,127500
500,7,5,3,1.0,,2.0,7.419979923661835,6.734591659972948,9.334149657702469,180000
0,6,7,1,1.0,1.0,,7.249215057114389,5.768320995793772,8.97727273946428,89500
578,6,6,3,1.0,,3.0,7.543802867501509,7.325148957955575,9.710691327448153,190000
472,8,5,3,2.0,6.0,3.0,7.113956109566034,7.113956109566034,8.449342524508063,189000
472,6,5,2,4.0,6.0,3.0,7.40184157874383,6.8501261661455,9.10974625674048,192000
432,4,5,2,1.0,3.0,3.0,6.8679744089702925,6.8679744089702925,9.298534382712099,94750
768,9,5,4,1.0,6.0,,7.4377951216719325,7.4377951216719325,9.494541392591309,320000
280,5,5,2,1.0,3.0,2.0,6.96979066990159,6.963189985870238,9.202409001649903,128000
288,5,7,2,1.0,4.0,1.0,7.1204443723924875,6.816735880594968,8.852807917623322,135000
410,5,5,2,,,1.0,7.336936913707618,0.0,8.856376036730422,118964
0,4,7,2,3.0,5.0,,6.447305862541213,6.447305862541213,7.544861068658458,81000
286,4,4,2,1.0,4.0,2.0,6.996681488176539,6.304448802421981,7.704361167910313,88000
840,9,5,4,1.0,6.0,3.0,7.410347097821024,7.410347097821024,9.486000469200638,325000
456,5,6,2,1.0,3.0,1.0,7.0431599159883405,7.0431599159883405,8.971575439759016,139950
895,8,5,3,3.0,1.0,2.0,7.493317248862145,7.493317248862145,9.209039526243135,147000
843,7,5,3,1.0,1.0,2.0,7.340835554123275,7.340835554123275,9.525516008736886,205000
404,5,5,2,1.0,5.0,1.0,7.318539548567902,6.98100574072173,8.976009475021396,127000
492,8,5,3,1.0,1.0,1.0,7.273786317844895,6.655440350367647,7.880804344674901,174000
577,7,5,3,1.0,1.0,2.0,7.299797366758161,7.292337176173877,9.146654820290049,191000
264,6,3,2,1.0,5.0,1.0,6.895682697747868,6.182084906716632,7.427144133408616,89500
234,4,6,2,1.0,3.0,1.0,6.511745329644728,6.511745329644728,9.14216859187285,113000
240,5,8,3,1.0,,,7.693025748417888,6.580639137284949,9.036106025364846,179500
888,8,5,3,1.0,6.0,,7.601402334583733,7.601402334583733,9.248310303227811,305900
430,5,5,2,1.0,1.0,1.0,7.026426808699636,7.026426808699636,9.052164937010307,155000
0,5,5,2,,,,7.025538314638521,0.0,9.028338763993148,93000
416,6,7,3,1.0,6.0,3.0,7.517520850603031,7.298445101508147,9.577965147101168,257500
389,6,7,3,4.0,3.0,3.0,7.6708948313621175,7.275864600546533,11.976665770490767,277000
533,7,5,3,4.0,6.0,,7.72356247227797,7.175489713624222,9.546884034617925,328000
540,6,6,2,1.0,3.0,2.0,7.589841512182657,6.705639094860003,9.15915233520675,165000
360,4,6,2,1.0,5.0,1.0,6.740519359606223,6.740519359606223,8.935903526274423,129500
684,6,5,3,1.0,6.0,2.0,7.488293515159428,6.715383386334681,9.141847375530883,204750
672,6,7,2,1.0,1.0,3.0,7.846198815497425,6.3784261836515865,9.352447388601012,191000
447,5,5,3,1.0,3.0,2.0,7.438971592395862,7.243512974665482,9.26416545867109,165500
472,6,5,2,1.0,6.0,3.0,7.421775793644647,6.866933284461882,9.292196818446016,173000
198,6,6,2,1.0,1.0,1.0,7.227662498728654,6.660575149839686,9.059633754551479,119500
480,6,5,2,1.0,1.0,1.0,7.432483807917119,7.270312886079025,9.1958356857733,127500
704,7,8,2,1.0,,1.0,7.845807502637805,6.577861357721047,9.287394001418473,159500
720,5,8,2,2.0,1.0,1.0,7.256297239690681,6.776506992372183,9.446676517076376,153900
308,5,7,2,1.0,6.0,1.0,6.705639094860003,6.705639094860003,8.867990898182093,129900
479,7,5,2,1.0,1.0,2.0,7.223295679562314,6.994849985833071,9.249657234353133,152000
615,6,6,2,1.0,1.0,2.0,7.274479558773871,7.274479558773871,9.368881400104733,185000
240,5,5,2,1.0,4.0,1.0,7.1592919047975645,6.511745329644728,9.063694791634697,127000
400,7,5,2,1.0,1.0,3.0,7.29641326877392,5.953243334287785,9.051461866908694,168500
455,7,5,2,3.0,,1.0,7.607878073278507,7.0192966537150445,9.202409001649903,269790
758,8,5,3,1.0,6.0,2.0,7.355001921105257,7.355001921105257,9.230829038403499,245000
529,4,6,3,4.0,4.0,,7.416979621381154,7.21890970761906,10.882339852663634,256000
0,4,4,2,1.0,1.0,,7.084226422097916,6.580639137284949,9.287394001418473,135000
779,4,2,2,1.0,1.0,1.0,7.4815557019095165,6.999422467507961,9.169622538697624,87000
868,7,5,3,2.0,6.0,2.0,7.5822291942764615,7.238496840894365,9.078065332666364,239799
436,7,5,3,3.0,1.0,3.0,7.172424577124845,7.172424577124845,9.104312967330653,176485
440,6,8,2,1.0,1.0,,7.020190708311925,6.47543271670409,8.38958706681109,116000
478,9,5,4,2.0,6.0,3.0,7.4770384723196965,7.4770384723196965,9.125653563808989,370878
402,7,5,2,1.0,1.0,3.0,7.134093721192866,7.121252453244542,8.971575439759016,176000
480,6,5,2,1.0,6.0,1.0,7.001245622069476,6.947937068614969,9.177093778182547,152000
500,5,6,2,1.0,6.0,3.0,6.983789965258135,6.983789965258135,9.436519311833914,149900
373,6,5,2,1.0,1.0,3.0,7.360739903058278,6.693323668269949,9.24619002486988,168000
586,7,6,3,4.0,6.0,3.0,7.329749689041512,7.195187320178709,10.068832485122966,260000
390,7,5,3,1.0,5.0,2.0,7.630946580890459,6.900730664045173,9.077494458642754,214000
525,6,6,3,1.0,6.0,2.0,7.20414929203594,6.709304340258298,9.573315428463395,137500
240,7,4,2,1.0,2.0,,7.506042178518122,6.947937068614969,8.95660873889395,169500
261,4,5,2,2.0,3.0,1.0,6.937314081223682,6.937314081223682,8.980172205725008,118500
576,6,4,2,1.0,5.0,,7.8328075165248645,6.849066282633458,8.285261134068948,151400
564,6,5,3,1.0,1.0,2.0,7.313886831633462,6.621405651764134,9.087833697483386,173900
621,8,6,3,4.0,5.0,1.0,7.704361167910313,7.704361167910313,9.671933733861948,268000
484,8,5,3,2.0,6.0,2.0,7.223295679562314,7.223295679562314,8.770749549138642,202500
572,6,5,3,1.0,6.0,,7.141245122350491,7.141245122350491,8.881975184248867,185000
510,7,5,3,1.0,6.0,,7.546974117516527,6.706862336602747,9.334061298965942,214900
818,8,5,3,1.0,1.0,3.0,7.43543801981455,7.43543801981455,9.395241931033524,318000
576,4,6,2,1.0,5.0,1.0,6.762729506931879,6.762729506931879,9.259225769705994,97000
380,6,5,3,1.0,1.0,1.0,7.444248649496705,6.878326468291325,7.833203948641057,130000
368,4,4,2,1.0,1.0,1.0,7.461065514354283,6.573680166960646,9.43460329655831,104900
270,5,6,2,1.0,4.0,1.0,7.1853870155804165,6.411818267709897,9.271905727634337,123000
594,7,5,3,2.0,6.0,1.0,8.078067881815437,7.422971251049421,9.423595190540022,320000
0,6,7,3,1.0,1.0,,7.212294468500341,6.529418838262226,8.836809882398365,127000
0,3,2,1,1.0,1.0,,7.175489713624222,6.591673732008658,8.585038738311304,76500
396,5,7,2,3.0,6.0,1.0,6.645090969505644,6.645090969505644,9.041448235493888,133000
205,5,6,2,1.0,6.0,2.0,6.982862751468942,6.899723107284872,8.912069097970134,118000
308,3,7,2,1.0,5.0,1.0,7.076653815443951,6.476972362889683,8.699681400989514,120000
400,7,5,3,3.0,1.0,3.0,7.284134806195205,6.591673732008658,9.107088742165708,179540
429,7,5,3,1.0,1.0,3.0,7.73718007783463,6.883462586413092,9.075551045627543,230000
420,6,5,3,3.0,6.0,,6.744059186311348,6.744059186311348,8.397508348470257,140000
846,10,5,4,3.0,6.0,3.0,7.75491027202143,7.428333194190806,9.431481920619719,426000
216,5,8,2,1.0,,1.0,7.207118856207756,6.785587645007929,8.699681400989514,117000
540,6,7,3,1.0,3.0,1.0,7.653969180478774,7.028201432058005,9.527265662897605,235000
570,4,6,2,1.0,3.0,1.0,7.198183577101943,6.45833828334479,9.309370895439137,108000
1418,10,5,4,4.0,6.0,3.0,8.63817111796914,8.717845704894916,11.064886829303003,160000
484,5,5,2,1.0,5.0,1.0,7.20414929203594,6.932447891572509,9.159468041602427,144000
552,8,5,2,1.0,6.0,3.0,7.568379267836522,6.725033642166843,8.987821625430815,263435
548,4,6,2,1.0,1.0,1.0,7.293697720601438,6.848005274576363,9.00859131751613,135000
508,7,7,2,1.0,4.0,2.0,7.676473646389156,7.358193752733032,9.941842506412591,262500
504,5,5,2,1.0,3.0,1.0,7.455298485683291,7.455298485683291,9.116139576577355,125000
603,7,5,3,1.0,6.0,2.0,7.478169694159785,6.7650389767805414,9.190545744648004,226700
286,5,5,2,1.0,4.0,1.0,6.955592608396297,6.955592608396297,9.225524507301223,135000
572,7,5,3,1.0,1.0,2.0,7.455298485683291,6.762729506931879,9.139273923542323,190000
0,8,5,2,1.0,2.0,,7.765993079407675,6.529418838262226,8.566173813637858,122000
438,7,5,3,3.0,6.0,,7.044905117129371,6.767343125265392,9.16858043772795,187500
670,8,5,3,3.0,6.0,2.0,7.379008127628304,7.366445148327599,9.343471684579365,272000
451,5,5,3,1.0,5.0,1.0,7.560601162768557,6.959398512133975,9.521568058002977,172500
528,4,7,2,1.0,,1.0,7.218176838403408,6.434546518787453,8.954286157204713,125500
308,5,7,2,2.0,2.0,1.0,7.046647277848756,6.8885724595653635,8.76732914779405,123500
662,7,5,3,3.0,1.0,2.0,7.166265974133638,7.160069207596127,8.81922185757494,193879
160,5,5,2,1.0,2.0,1.0,7.130098510125578,6.816735880594968,9.152711259139547,87000
527,8,5,3,1.0,6.0,3.0,7.258412150595307,6.013715156042802,8.955577146281511,184100
467,6,7,3,1.0,4.0,3.0,7.273092595999522,7.273092595999522,9.4372368721597,182900
0,5,5,2,1.0,1.0,,7.039660349862076,7.039660349862076,9.7537106272179,84500
484,7,6,2,2.0,5.0,,7.645397699428633,7.010311867307229,9.247925132303454,200000
595,7,5,3,1.0,1.0,2.0,7.403061091090091,6.683360945766275,8.885579291282982,183000
575,6,5,3,1.0,6.0,2.0,7.426549072397305,7.25063551189868,9.002824076547672,193500
440,6,6,2,1.0,5.0,1.0,7.105786129481271,6.601230118728877,8.699681400989514,131000
528,5,5,2,1.0,5.0,3.0,7.04141166379481,7.04141166379481,8.348774539791274,134000
602,5,6,3,3.0,6.0,3.0,7.01301578963963,7.001245622069476,9.116249448576587,165500
240,5,5,2,1.0,5.0,1.0,7.060476365999801,7.060476365999801,9.294773427951013,125000
189,5,5,2,2.0,1.0,1.0,7.084226422097916,6.391917113392602,8.764521909518802,78000
626,7,5,3,3.0,1.0,2.0,7.260522598089852,7.260522598089852,9.04793908261736,179600
450,5,7,3,1.0,4.0,2.0,6.796823718274855,6.796823718274855,9.186559843310778,130000
1043,8,5,3,2.0,1.0,2.0,7.577633832602728,6.9874902470009905,9.266248003914479,252000
564,7,5,3,1.0,6.0,2.0,7.491645473605133,6.871091294610546,9.428350771178645,231500
280,4,4,1,1.0,4.0,1.0,6.829793737512425,6.511745329644728,9.407632639699958,80000
264,6,5,2,1.0,5.0,1.0,6.6240652277998935,6.61338421837956,8.878497403738631,125000
240,7,6,2,1.0,4.0,1.0,7.462214939768189,6.68586094706836,9.482350275033667,219500
389,6,5,2,1.0,1.0,2.0,7.374001859350161,6.695798917058491,9.173365135851288,178000
720,5,4,2,1.0,3.0,1.0,7.234177179749849,6.814542897259958,9.050288983827956,166000
453,7,5,3,1.0,1.0,1.0,7.144407180321139,7.1372784372603855,8.922791623969637,176000
422,7,5,3,1.0,1.0,2.0,7.611842399580417,6.767343125265392,10.05440443785299,274725
630,6,5,2,1.0,5.0,2.0,7.19668657083435,7.208600337960199,9.174816815907135,167900
462,7,5,3,1.0,4.0,,7.133295954896068,6.398594934535208,7.6783263565068856,160000
216,6,7,3,1.0,3.0,1.0,7.834788107388194,6.5722825426940075,9.050288983827956,136000
672,10,5,4,4.0,6.0,3.0,7.784473235736469,8.037543185118697,9.644198554585564,555000
502,6,8,2,2.0,1.0,3.0,7.217443431696533,6.416732282512326,8.72518249495877,128000
807,10,5,3,4.0,6.0,3.0,8.196436811235028,7.565793282428515,10.484613193102275,625000
721,7,5,3,1.0,6.0,,7.83241092718792,7.093404625868766,9.205428327615163,290000
528,3,3,1,,,1.0,6.851184927493743,0.0,9.230829038403499,82000
336,5,5,2,1.0,5.0,1.0,6.816735880594968,6.816735880594968,9.050406334059858,125000
615,7,5,3,1.0,1.0,2.0,7.348587530927593,6.6293632534374485,9.002824076547672,186500
248,4,5,2,1.0,5.0,1.0,6.855408798609928,6.762729506931879,9.231710397712375,111000
644,7,5,3,1.0,6.0,2.0,7.52456122628536,6.803505257608338,9.0642735958414,252678
440,5,6,2,1.0,1.0,1.0,7.115582126184454,6.089044875446846,9.25349564229011,110000
0,7,5,3,1.0,6.0,,6.985641817639208,6.985641817639208,8.922791623969637,141000
280,5,7,1,1.0,1.0,,7.1316985104669115,6.532334292222349,9.017847259860732,116000
442,6,6,2,4.0,6.0,2.0,7.385230923066573,6.660575149839686,9.186150133174966,167900
574,7,5,3,1.0,6.0,3.0,7.575584651557793,6.957497370876951,9.204221690968005,236000
300,6,6,2,1.0,4.0,,7.222566018822171,6.511745329644728,8.799360083179907,103600
392,7,5,3,1.0,1.0,3.0,7.301822342137932,5.953243334287785,9.118882761487347,163900
280,5,6,2,1.0,1.0,1.0,6.955592608396297,6.901737206656574,8.761080103868347,113000
529,7,5,3,1.0,1.0,3.0,7.224753405767971,7.224753405767971,9.0642735958414,250580
471,8,5,3,1.0,6.0,3.0,7.167809184316444,7.145196134997171,8.832587702434553,220000
299,5,5,2,1.0,6.0,1.0,6.898714534329988,6.898714534329988,9.079776001955066,126000
240,6,7,2,1.0,1.0,1.0,7.306531398939505,6.658011045870748,9.200391041122515,139500
947,7,5,3,1.0,1.0,2.0,7.6838639802564295,6.96979066990159,9.557823197546,280000
388,7,5,3,3.0,1.0,3.0,7.144407180321139,7.144407180321139,8.065579427282092,159895
676,6,5,3,1.0,6.0,3.0,7.105786129481271,7.105786129481271,8.969923491991516,208300
306,6,5,3,1.0,1.0,1.0,6.838405200847344,6.838405200847344,9.0217190130337,124000
440,6,5,2,1.0,5.0,1.0,7.187657164114956,6.752270376141742,7.744569809354496,147000
255,6,8,3,1.0,1.0,1.0,7.400009517162692,6.186208623900494,8.577535420422398,117000
498,6,5,2,1.0,4.0,1.0,7.2991214627108,7.2991214627108,9.77571099759397,157500
0,5,3,2,1.0,1.0,,7.077498053569231,6.490723534502507,9.037295651962438,81000
548,7,5,3,1.0,6.0,2.0,7.444833273892193,6.75343791859778,9.042040056544483,208500
470,6,6,2,3.0,6.0,2.0,6.816735880594968,6.790097235513905,8.928110078202646,156000
538,5,5,2,4.0,2.0,3.0,7.6624678152002375,6.921658184151129,10.264617557935098,185000
400,5,5,3,1.0,,3.0,7.240649694255466,5.953243334287785,9.183585634667363,167500
624,5,6,2,1.0,6.0,1.0,6.878326468291325,6.878326468291325,9.0455836463617,132500
888,6,5,2,3.0,6.0,1.0,6.942156705699469,6.920671504248683,9.419709489868552,169900
565,7,5,3,1.0,1.0,2.0,7.450660796211539,6.7580945044277305,9.362718052397065,196500
256,5,4,3,1.0,1.0,1.0,7.23561914106675,6.699500340161678,8.699681400989514,93000
312,6,7,4,3.0,5.0,2.0,7.213768308118642,6.927557906278317,9.351232110673664,177000
461,5,5,2,1.0,3.0,1.0,7.142827401161621,7.1459844677143876,9.137877200242468,167500
390,6,5,3,1.0,1.0,3.0,7.3031700512368,6.610696044717759,9.440658127038393,174000
504,7,7,3,1.0,6.0,2.0,7.477604243197589,6.970730078143525,8.576781982827894,239000
270,6,8,3,1.0,1.0,1.0,6.70196036600254,6.70196036600254,8.645586406184636,110000
0,6,8,2,3.0,6.0,,6.626717749249025,6.255750041753367,8.821879862683842,84500
505,7,7,3,4.0,6.0,2.0,7.635303886259415,6.373319789577012,10.227417172661774,242000
600,6,5,3,3.0,6.0,2.0,7.31986492980897,7.2875606403097235,9.23024103368252,175000
343,6,5,2,1.0,1.0,3.0,7.301147805856032,6.555356891810665,9.002824076547672,174000
576,4,5,2,3.0,5.0,1.0,6.8679744089702925,6.8679744089702925,9.197660318818809,129000
420,4,5,2,,,1.0,6.947937068614969,0.0,8.881975184248867,109900
420,4,5,2,,,1.0,6.947937068614969,0.0,8.881975184248867,90000
216,7,6,2,1.0,2.0,1.0,7.497207223203318,6.677083461247136,8.934455109403913,200100
550,8,5,4,3.0,6.0,3.0,7.8674885686991285,7.077498053569231,9.105090961257085,303477
528,5,4,1,1.0,,3.0,7.2909747781429814,7.2909747781429814,9.784478765953926,149900
416,5,6,2,1.0,2.0,1.0,7.410347097821024,6.532334292222349,9.287394001418473,139000
678,7,5,3,1.0,4.0,,7.6487397889562425,6.985641817639208,9.326254996572539,228000
538,8,5,3,4.0,,,7.3938782901077555,7.3613754289773485,8.46611040118692,235000
667,7,4,2,1.0,4.0,3.0,7.7354333524996886,7.173958319756794,9.654641503869545,225000
1020,9,5,4,4.0,1.0,2.0,7.945555428253489,7.45876269238096,9.539068413863964,582933
390,6,5,3,1.0,6.0,2.0,7.628031126930335,6.900730664045173,9.411238314343073,244000
375,5,5,2,2.0,4.0,1.0,7.198183577101943,7.061334366910438,9.664659134301736,157000
400,4,5,2,1.0,,1.0,6.796823718274855,6.796823718274855,9.153875834995056,110000
473,8,5,3,4.0,6.0,3.0,7.450079569807499,7.450079569807499,9.291643823040218,324000
525,7,5,3,1.0,6.0,2.0,7.662937850461535,7.1098794630722715,9.300638009956963,271000
461,6,6,2,1.0,,,7.132497551660044,7.132497551660044,9.082620630373812,160000
297,5,7,2,1.0,4.0,3.0,6.816735880594968,6.816735880594968,8.927446816256198,120000
0,3,6,2,1.0,1.0,,6.876264611890766,6.398594934535208,8.68710472813351,37900
613,7,6,3,1.0,6.0,2.0,7.512071245835466,6.848005274576363,9.164191715950203,237000
566,6,5,2,2.0,6.0,3.0,7.362010551259734,6.680854678790215,9.841665338892785,190000
0,4,5,2,1.0,3.0,,6.580639137284949,6.580639137284949,8.972083182851925,34900
770,9,5,4,3.0,6.0,3.0,7.591357046698551,7.591357046698551,9.725436862592819,315000
440,7,7,3,2.0,5.0,,7.3914152346753585,7.097548850614793,9.557187177595935,202500
529,6,7,3,1.0,5.0,3.0,7.3796321526095525,7.3796321526095525,9.719324300862802,215000
216,6,7,3,2.0,2.0,1.0,7.388327859577107,7.047517221357296,8.594339400592892,152000
319,5,6,2,4.0,4.0,2.0,7.3783837129967145,7.3031700512368,9.700269170029188,207500
583,6,6,2,1.0,1.0,,7.659171367666058,6.536691597591305,9.254261559034111,158000
380,7,5,3,1.0,1.0,1.0,7.444248649496705,6.878326468291325,7.833203948641057,130000
522,7,5,4,1.0,5.0,3.0,7.65491704784832,7.65491704784832,9.320180837655714,244000
0,3,6,3,1.0,3.0,,6.652863029353347,6.300785794663244,8.359603270841466,79000
0,4,4,2,1.0,1.0,,6.680854678790215,6.680854678790215,8.19891444498699,55000
511,8,6,2,1.0,1.0,2.0,7.443078374348516,7.430707082545968,9.72136597574484,228000
789,8,5,4,1.0,6.0,3.0,7.6787889981991535,7.367077059881012,9.265112607823163,325624
512,7,5,3,1.0,1.0,2.0,7.448333860897476,6.78105762593618,9.076923258535832,191000
504,6,5,2,1.0,5.0,,7.217443431696533,7.217443431696533,9.2299469016151,163000
546,6,5,2,2.0,6.0,2.0,7.493873886783559,6.678342114654332,9.162409838218633,211000
482,8,5,3,4.0,6.0,,7.410347097821024,7.3783837129967145,8.628376720376853,392500
324,7,9,2,1.0,5.0,1.0,7.301822342137932,6.478509642208569,9.105090961257085,143000
450,5,7,2,1.0,3.0,1.0,6.923628628138427,6.645090969505644,8.71948076085107,88000
240,6,7,1,1.0,4.0,1.0,7.364547014255642,6.693323668269949,9.158099260130491,133000
490,5,7,2,1.0,5.0,1.0,6.99117688712121,6.99117688712121,9.23024103368252,144900
0,6,5,2,1.0,,,7.105786129481271,6.511745329644728,7.427144133408616,91500
528,5,6,2,3.0,5.0,1.0,6.7580945044277305,6.734591659972948,9.075779878580487,137000
0,4,7,2,1.0,1.0,,7.039660349862076,6.3578422665081,9.082620630373812,96500
270,7,6,2,1.0,1.0,2.0,7.315218389752975,6.655440350367647,8.881975184248867,149000
490,6,7,2,4.0,3.0,2.0,7.061334366910438,7.028201432058005,9.107310471656639,174900
440,6,5,3,1.0,6.0,3.0,7.581209826196346,6.7580945044277305,8.968523555396352,216500
541,7,5,3,3.0,5.0,3.0,7.616775808698373,7.050989447068045,9.341807134718488,222500
299,6,7,2,1.0,6.0,3.0,7.239214973779806,6.536691597591305,9.296609807128359,161750
532,7,5,3,2.0,,,7.340835554123275,7.340835554123275,9.407796816354407,220000
624,5,6,3,1.0,3.0,1.0,7.191429330036379,6.96979066990159,8.907747686788648,150750
240,4,6,2,1.0,4.0,1.0,7.1891677384203225,6.511745329644728,8.699681400989514,128000
434,6,6,2,1.0,5.0,2.0,7.347943823148687,6.570882962339584,9.348013177101256,179900
750,8,5,3,1.0,6.0,2.0,7.941295570906532,7.282073658093465,9.166701914946353,302000
840,10,9,4,2.0,1.0,1.0,8.19118600464279,7.010311867307229,10.041116787524166,475000
308,5,6,2,4.0,4.0,,7.192182058713246,7.208600337960199,9.735423867488873,170000
628,7,5,3,4.0,6.0,2.0,7.832014180505469,7.099201743553092,10.172712841637342,335000
0,5,7,1,1.0,1.0,,7.325148957955575,6.677083461247136,9.04793908261736,115000
246,5,7,3,1.0,6.0,1.0,6.964135612418245,6.964135612418245,8.977525200965243,109000
612,8,8,3,4.0,6.0,3.0,7.665284718471351,7.311218384419629,9.419628376999952,316600
808,8,5,3,3.0,6.0,3.0,7.396335293800808,7.388327859577107,9.584452402426324,270000
531,5,5,2,1.0,3.0,2.0,7.080867896690782,7.080867896690782,9.405989388981,142000
754,8,5,3,4.0,6.0,1.0,7.289610521451167,7.303843225277705,9.632793693113202,282922
402,6,5,2,1.0,6.0,1.0,7.104144092987527,7.104144092987527,8.412054873292933,164000
866,8,5,3,1.0,1.0,,7.399398083331354,7.394493107219038,9.343909263897597,250000
576,5,7,2,2.0,,1.0,6.829793737512425,6.511745329644728,8.99528899055931,122900
270,5,8,3,2.0,3.0,1.0,6.966967138613983,6.966967138613983,9.017604776833355,154000
440,6,6,3,1.0,,1.0,7.3453648404168685,6.690842277418564,7.744569809354496,155000
246,2,5,1,1.0,3.0,1.0,6.0844994130751715,5.673323267171493,9.036106025364846,60000
220,4,6,2,1.0,1.0,1.0,6.617402977974478,6.617402977974478,8.435766192720509,80000
288,5,5,2,1.0,4.0,2.0,6.794586580876499,6.794586580876499,8.875007486048396,100000
540,5,6,2,3.0,5.0,,7.0825485693553,7.009408932708637,8.952734767106872,132500
514,6,5,2,1.0,4.0,2.0,7.240649694255466,7.240649694255466,9.15915233520675,159000
400,5,5,2,1.0,1.0,1.0,7.581209826196346,6.8679744089702925,8.935508711503221,124500
420,6,5,3,3.0,6.0,3.0,6.744059186311348,6.744059186311348,8.397508348470257,131500
484,7,5,2,1.0,5.0,3.0,7.200424892944957,7.177782416195197,8.99342737041261,180000
360,6,3,2,1.0,1.0,1.0,6.665683717782408,6.665683717782408,9.105090961257085,76000
300,5,5,2,1.0,1.0,1.0,6.855408798609928,6.855408798609928,9.102643796520809,108000
439,5,6,3,1.0,4.0,1.0,7.072421900537371,7.0707241072602764,9.210440366976517,157000
490,7,5,3,1.0,6.0,3.0,7.592870287844818,6.88653164253051,9.283869605264298,225000
560,5,5,2,1.0,5.0,1.0,7.455298485683291,7.455298485683291,9.13755460225053,188000
504,5,5,2,1.0,1.0,1.0,6.639875833826536,6.523562306149512,8.562740006372207,73000
297,4,5,2,4.0,6.0,1.0,6.8966943316227125,6.137727054086234,7.3758821482150125,91000
528,6,5,3,3.0,6.0,2.0,7.110696122978827,6.418364935936212,8.006700845440367,173733
288,6,5,2,1.0,1.0,1.0,6.895682697747868,6.182084906716632,7.427144133408616,94500
493,7,5,3,1.0,6.0,1.0,7.554334823725748,6.82001636467413,9.076923258535832,210000
596,5,6,2,3.0,4.0,1.0,7.0431599159883405,7.0431599159883405,9.166597449028265,129000
564,6,6,2,3.0,5.0,1.0,6.940222469119639,6.940222469119639,9.249176395761381,148000
521,6,5,2,1.0,6.0,,7.630946580890459,7.049254841255837,9.21333588095598,211000
576,5,5,3,1.0,6.0,1.0,7.016609683894219,7.016609683894219,9.524859098381523,159000
480,6,5,2,3.0,5.0,2.0,7.45298232946546,7.427144133408616,9.790990521308983,197900
264,6,7,2,1.0,4.0,1.0,7.105786129481271,6.511745329644728,7.427144133408616,118000
294,4,4,2,1.0,1.0,1.0,6.7357800142423265,6.582025138892826,9.036106025364846,82000
461,8,5,3,1.0,1.0,2.0,6.9930151229329605,6.980075940561763,8.215276958936633,170000
336,5,8,2,1.0,5.0,1.0,6.762729506931879,6.762729506931879,8.853808274977197,136500
758,8,5,3,4.0,6.0,,7.510430556378006,7.503840746698951,9.33282345619073,319000
288,5,7,1,1.0,1.0,1.0,7.013915474810528,6.274762021241939,8.881975184248867,101000
576,5,8,3,1.0,5.0,1.0,6.816735880594968,6.816735880594968,9.090768236835338,147000
671,8,7,3,1.0,6.0,3.0,7.7279755421055585,7.050122520269059,9.372884301161463,290000
264,5,5,2,1.0,5.0,1.0,6.828712071641684,6.776506992372183,8.846784666945227,119500
414,5,7,3,3.0,1.0,1.0,6.814542897259958,4.663439094112067,9.09301972939964,116000
400,3,4,2,,,1.0,6.947937068614969,0.0,9.053101595549691,92900
338,4,6,2,1.0,5.0,3.0,7.226209010100671,6.734591659972948,8.594339400592892,105000
732,9,5,4,4.0,1.0,3.0,7.660114319173928,7.660114319173928,9.57851889529833,415298
434,7,5,3,3.0,1.0,3.0,7.580699752224563,6.742880635791903,9.375600540841843,215000
576,5,6,2,1.0,1.0,1.0,7.3395376954076745,6.833031732786201,8.71948076085107,141500
244,5,6,2,1.0,2.0,3.0,7.1459844677143876,7.1459844677143876,8.962007209588313,132000
308,4,4,1,1.0,5.0,1.0,6.8679744089702925,6.8679744089702925,8.699681400989514,108500
672,5,5,2,1.0,1.0,1.0,7.001245622069476,7.001245622069476,9.292841593487926,145000
320,7,7,2,2.0,,1.0,7.478169694159785,6.78105762593618,9.287394001418473,163000
271,6,8,2,1.0,4.0,1.0,7.419979923661835,6.75343791859778,9.169622538697624,140000
576,6,3,2,1.0,1.0,2.0,7.239214973779806,7.239214973779806,9.514953305087944,110000
280,6,6,2,1.0,1.0,1.0,7.253470382684528,6.660575149839686,8.699681400989514,132500
860,8,5,4,4.0,1.0,2.0,7.396948602621014,7.392031567514591,9.232786560806012,295493
569,7,5,3,1.0,6.0,,7.124478262493424,7.124478262493424,8.360539381370861,199900
624,5,7,2,3.0,5.0,1.0,6.645090969505644,6.645090969505644,8.888066854754783,129500
924,6,7,3,1.0,4.0,1.0,7.403061091090091,7.167809184316444,9.600962533214572,224000
567,8,6,3,3.0,,2.0,7.258412150595307,7.258412150595307,8.998384010052538,392000
0,5,5,2,4.0,6.0,,7.0909098220799835,7.0909098220799835,9.287394001418473,179000
484,7,9,3,1.0,5.0,3.0,7.299797366758161,6.587550014824796,8.91905180393029,184000
601,6,8,2,1.0,5.0,1.0,7.254884810077338,7.077498053569231,9.308374112247549,176500
513,5,5,2,1.0,1.0,1.0,7.20414929203594,6.437751649736401,8.427706024914702,98000
672,5,6,2,,,1.0,7.749753406274437,0.0,9.599879329534089,169000
0,4,5,2,1.0,3.0,,6.670766320845874,6.670766320845874,8.915566545710645,100000
440,6,6,2,1.0,5.0,1.0,7.273786317844895,6.752270376141742,7.736307096548285,148500
300,6,6,2,1.0,3.0,1.0,6.762729506931879,6.762729506931879,9.116139576577355,127500
528,4,6,2,1.0,5.0,1.0,6.762729506931879,6.762729506931879,9.105090961257085,120500
888,5,5,2,1.0,1.0,1.0,7.482681828154651,7.368339686311381,9.348013177101256,110000
304,5,6,2,1.0,4.0,1.0,6.963189985870238,6.963189985870238,9.042040056544483,142000
0,1,1,1,4.0,4.0,,6.807934943699926,6.52795791762255,9.212438170058329,61000
484,7,5,3,3.0,6.0,3.0,7.2991214627108,7.293697720601438,8.390268497842571,222000
379,3,6,2,1.0,1.0,1.0,7.381501894506707,6.734591659972948,8.66406026722579,107400
588,7,5,3,1.0,6.0,2.0,7.490529402060711,6.773080375655535,9.124782483614537,193000
484,5,7,3,1.0,5.0,1.0,7.533158807455563,6.660575149839686,9.240384493324559,197500
264,6,5,2,1.0,4.0,1.0,7.105786129481271,6.511745329644728,7.544861068658458,113000
1220,10,5,4,3.0,6.0,3.0,7.642524134232902,7.639642287858013,9.602652693506046,385000
440,6,6,2,1.0,5.0,,7.284134806195205,6.752270376141742,7.732369222284388,148500
276,5,6,2,1.0,4.0,3.0,7.136483208590247,7.136483208590247,9.204121072162266,147500
393,6,5,3,1.0,6.0,3.0,7.31986492980897,6.664409020350408,8.969796305981806,183200
180,6,8,3,1.0,5.0,1.0,7.749753406274437,6.9363427358340495,8.890135107818843,259500
864,6,6,2,1.0,4.0,1.0,7.872836175025724,7.223295679562314,10.017753298664472,239000
544,6,6,3,1.0,,1.0,7.226936018493289,6.660575149839686,9.105090961257085,141000
264,6,5,2,4.0,5.0,,6.999422467507961,6.3784261836515865,9.247925132303454,140000
0,5,7,2,1.0,5.0,,7.696667081526462,7.149131598557407,9.080003870248179,145900
530,7,5,3,2.0,6.0,2.0,7.3098814858247865,7.3098814858247865,9.457512901089753,221000
384,4,7,2,1.0,1.0,1.0,7.205635176410364,6.329720905522696,9.373139262281274,112000
0,4,5,2,1.0,,,6.898714534329988,6.898714534329988,8.996032669324372,123600
360,6,8,2,1.0,1.0,,7.765993079407675,6.811244378601294,10.727684925086583,240000
326,5,7,3,1.0,3.0,1.0,6.726233402358747,6.726233402358747,8.594339400592892,117000
642,8,5,3,4.0,1.0,3.0,7.817222785508166,6.9985096422506015,9.446676517076376,281213
878,8,5,4,2.0,1.0,2.0,7.649216319820633,6.93828448401696,9.234154550075438,275500
288,5,7,3,1.0,5.0,3.0,6.802394763324311,6.762729506931879,8.962007209588313,130000
736,9,5,4,1.0,,3.0,7.751475318021456,7.069874128458572,9.386392315756542,345000
600,5,5,2,3.0,3.0,2.0,6.796823718274855,6.796823718274855,8.881975184248867,123000
529,6,5,3,1.0,6.0,2.0,7.362645270417825,7.362645270417825,8.98882050177807,179200
420,6,5,3,4.0,6.0,2.0,6.744059186311348,6.744059186311348,8.395477432732141,141000
225,7,6,2,1.0,1.0,,7.43307534889858,6.704414354964107,9.088285725968877,144000
336,5,6,2,1.0,5.0,2.0,7.297091005160418,6.630683385642372,7.888334500738654,127000
460,6,5,3,3.0,5.0,,7.217443431696533,7.217443431696533,8.933004591578547,194700
400,8,5,3,4.0,1.0,3.0,7.284134806195205,7.149916836132109,8.069968149059841,215000
576,7,5,3,2.0,6.0,2.0,7.809135398120538,7.239214973779806,9.87194528452625,320000
483,6,5,2,1.0,4.0,2.0,7.493873886783559,6.660575149839686,8.86177531100083,140000
250,5,8,3,2.0,1.0,1.0,7.29505641646263,6.555356891810665,9.169622538697624,125000
660,7,5,3,1.0,6.0,2.0,7.380879035564116,7.380879035564116,9.08421009483197,220000
529,5,6,2,4.0,,3.0,7.488293515159428,7.313220387090301,12.011644093954345,228950
377,6,6,3,3.0,4.0,2.0,7.415776975415394,6.900730664045173,9.169622538697624,165500
286,4,4,2,3.0,6.0,1.0,6.447305862541213,6.447305862541213,7.298445101508147,80000
900,10,5,4,1.0,6.0,3.0,7.611347717403621,7.604396348796338,9.410911062438,402861
528,8,6,3,1.0,6.0,3.0,7.418180822726788,6.698268054115413,9.036106025364846,227000
484,7,5,3,1.0,6.0,3.0,7.515889085215125,7.528869256642251,9.116139576577355,216837
432,5,4,2,1.0,1.0,2.0,7.771910256435763,6.902742737158593,8.79497643168877,107500
440,5,5,1,2.0,2.0,1.0,7.171656822768514,7.044032897274685,8.841014310483892,100000
826,7,5,3,3.0,1.0,2.0,7.123672785204607,7.123672785204607,9.054504940418054,194000
336,6,6,2,1.0,3.0,1.0,7.126890808898808,7.126890808898808,9.391744841707654,150000
534,8,5,3,1.0,,2.0,7.493317248862145,7.48324441607385,9.184304357425342,230000
400,6,6,3,1.0,6.0,2.0,7.0630481633881725,7.055312843339752,9.13227071655426,173000
840,8,5,4,1.0,1.0,,7.364547014255642,7.3613754289773485,9.133783249254028,287090
431,8,5,3,1.0,1.0,3.0,7.554334823725748,6.875232087276577,9.56043370454936,202900
0,6,7,2,1.0,,,7.089243155027514,6.804614520062624,8.628197749459149,79900
908,8,5,3,4.0,,2.0,7.589335823170617,7.589335823170617,9.614337736809313,440000
210,4,4,2,1.0,1.0,1.0,7.192182058713246,6.532334292222349,9.20099685697303,107000
252,5,7,3,3.0,5.0,1.0,7.1459844677143876,7.1459844677143876,9.13637085177601,143500
625,7,5,3,1.0,1.0,3.0,7.1316985104669115,6.439350371100098,8.29853954537488,171900
0,5,5,2,,,,7.417580402414544,0.0,9.192787212728593,100000
776,6,6,2,1.0,5.0,2.0,7.256297239690681,6.5638555265321274,9.367429587218957,179900
506,6,6,2,2.0,3.0,1.0,7.73718007783463,7.102499355774649,8.881975184248867,133900
550,7,5,3,2.0,1.0,,7.444833273892193,7.444833273892193,9.402529747968487,240000
205,5,7,2,1.0,2.0,1.0,6.424869023905388,6.424869023905388,8.699681400989514,89000
368,5,6,2,1.0,3.0,1.0,6.957497370876951,6.957497370876951,9.274253697719836,136500
564,6,7,2,4.0,4.0,2.0,7.133295954896068,7.3796321526095525,9.510519035757246,235000
480,5,5,2,1.0,5.0,1.0,6.898714534329988,6.898714534329988,8.996280439395015,138000
240,5,6,3,2.0,,1.0,6.983789965258135,6.983789965258135,9.181735114965848,142125
444,6,8,3,4.0,2.0,3.0,7.643961949002529,6.725033642166843,9.40968291310444,187500
572,6,6,3,1.0,4.0,1.0,7.265429723253953,7.0431599159883405,9.587817443544179,181900
672,5,9,3,1.0,1.0,1.0,7.502738210754851,5.8888779583328805,8.939974177289633,140000
264,6,8,2,3.0,6.0,,7.037905963447182,6.3784261836515865,9.257510176452573,145000
487,5,6,2,3.0,5.0,1.0,7.3031700512368,7.3031700512368,9.412791300065303,175000
420,7,5,3,4.0,1.0,3.0,7.351158226430694,7.226209010100671,8.069968149059841,234000
440,4,7,2,1.0,2.0,1.0,7.087573705557973,7.087573705557973,8.476579508530941,109900
624,5,5,2,1.0,4.0,,6.762729506931879,6.762729506931879,9.116139576577355,129900
260,5,7,2,1.0,4.0,1.0,6.963189985870238,6.963189985870238,9.132486932771318,139400
844,8,5,3,1.0,6.0,,7.834788107388194,7.061334366910438,9.222367752188902,290000
397,7,5,3,1.0,6.0,3.0,7.044032897274685,7.044032897274685,8.065579427282092,160200
288,5,5,2,1.0,2.0,1.0,6.996681488176539,6.996681488176539,9.360224821513475,139000
360,5,7,2,1.0,1.0,1.0,7.267525427828172,5.579729825986222,9.169622538697624,132000
458,6,5,2,1.0,3.0,2.0,7.239214973779806,7.239214973779806,9.38437770918244,166000
390,6,5,3,1.0,1.0,3.0,7.284134806195205,6.591673732008658,9.043340831280013,163990
312,5,7,3,1.0,5.0,2.0,6.960347729101308,6.960347729101308,9.211140052146748,145500
0,6,7,1,1.0,2.0,,8.130353547431238,7.273092595999522,9.296242800976886,200000
576,5,7,3,1.0,5.0,3.0,7.160845906664299,6.96979066990159,9.193295937366925,162000
924,5,6,2,1.0,5.0,,6.658011045870748,6.608000625296087,8.839421607620602,120500
264,6,5,2,1.0,1.0,1.0,6.996681488176539,6.26530121273771,7.427144133408616,88000
528,4,5,2,2.0,1.0,1.0,6.617402977974478,6.398594934535208,8.67008593751938,79900
433,7,5,3,4.0,1.0,3.0,7.458186157340487,6.742880635791903,9.42504844446929,225000
870,8,5,3,3.0,,2.0,7.4067107301776405,7.40184157874383,9.273972232220956,248900
670,7,5,3,1.0,6.0,2.0,7.673223121121708,7.268920128193722,9.458995712459116,239686
390,5,5,2,3.0,3.0,1.0,7.367077059881012,7.393263094763838,10.505094936455558,190000
424,8,9,3,1.0,4.0,1.0,7.463363045520021,6.821107472256465,9.779736745099953,168000
648,4,5,2,4.0,5.0,1.0,6.947937068614969,6.970730078143525,10.138045708665592,132250
275,5,5,2,1.0,3.0,2.0,6.816735880594968,6.816735880594968,9.225327501784431,114500
836,8,5,3,3.0,6.0,2.0,7.695757990554761,7.044032897274685,9.565283817736766,250000
528,5,6,2,1.0,1.0,1.0,7.427144133408616,7.427144133408616,9.350189267092581,136905
1014,8,9,3,2.0,3.0,,8.145549631783584,6.591673732008658,9.55400099583723,381000
484,5,7,2,1.0,2.0,1.0,7.183111701743281,6.831953565565855,8.612685172875459,130000
621,5,6,2,1.0,1.0,2.0,7.86403565907245,6.418364935936212,9.194515821629212,189000
440,5,6,2,1.0,2.0,1.0,7.2196420401307355,6.641182169740591,7.7702232041587855,125000
648,7,5,3,3.0,1.0,3.0,7.138073034044347,7.138073034044347,8.274611946209552,172500
824,8,5,3,1.0,6.0,2.0,7.362010551259734,7.362010551259734,9.38915578944085,232000
299,5,5,2,2.0,4.0,3.0,7.00033446027523,7.00033446027523,9.672248823507559,138800
264,6,5,2,1.0,4.0,1.0,6.895682697747868,6.182084906716632,7.427144133408616,100000
380,7,5,3,1.0,1.0,,7.443663683115591,6.884486652042782,8.120886021092838,130000
870,7,9,3,1.0,1.0,1.0,8.158802490694002,7.293697720601438,9.819399172153842,295000
492,8,7,2,3.0,6.0,2.0,7.469083884921234,6.327936783729195,9.403849118160702,164000
513,7,5,2,4.0,5.0,2.0,7.619233416226805,7.667158255319148,12.279536839074337,375000
240,5,4,2,1.0,1.0,,7.20414929203594,6.799055862058796,8.738895704934043,115000
288,5,7,2,3.0,5.0,1.0,7.01211529430638,5.921578419643816,9.259225769705994,139000
388,6,6,2,3.0,6.0,3.0,7.293697720601438,6.678342114654332,9.537483513308878,177000
840,5,7,2,2.0,5.0,1.0,6.859614903654202,6.859614903654202,8.902591637374087,139000
540,6,9,3,1.0,6.0,3.0,7.427144133408616,6.78105762593618,9.984883190740122,222000
472,6,6,2,1.0,3.0,2.0,7.324489979348532,7.324489979348532,9.210840247017833,167000
928,8,5,4,1.0,6.0,,7.45876269238096,7.45876269238096,9.399803036921504,318000
528,8,5,3,3.0,6.0,2.0,7.315218389752975,7.305860032684009,8.82776136765472,212000
474,7,5,3,1.0,6.0,2.0,7.394493107219038,6.639875833826536,7.727094484779841,173000
216,6,7,2,1.0,,1.0,7.293017679772782,6.6293632534374485,9.241935933565934,135000
438,7,5,3,1.0,6.0,3.0,7.346655163176539,6.996681488176539,9.002824076547672,241000
474,7,5,3,1.0,1.0,,7.221835825288449,7.221835825288449,8.823647949191303,202665
840,9,5,3,3.0,1.0,2.0,7.862112211662748,7.1308988302963465,9.696463383101802,342643
294,5,6,2,1.0,2.0,1.0,7.200424892944957,6.937314081223682,8.93075873555827,139000
486,7,5,2,1.0,1.0,3.0,7.517520850603031,7.086737934510577,9.727406483331627,221000
691,8,5,3,3.0,1.0,,7.8050670442584895,7.0192966537150445,9.504426892100957,309000
393,7,5,3,1.0,1.0,3.0,7.31986492980897,6.664409020350408,8.971575439759016,180000
527,7,5,3,1.0,6.0,2.0,7.268920128193722,7.282761179605593,9.051344640485725,189000
496,6,5,3,1.0,6.0,,7.166265974133638,7.153833801578843,8.875426919818963,179200
308,6,7,2,1.0,1.0,,7.427144133408616,6.734591659972948,9.653550746326605,177000
471,6,5,3,1.0,6.0,,7.451241684987676,6.834108738813838,9.043458999670106,201000
576,4,5,2,1.0,4.0,1.0,6.762729506931879,6.762729506931879,9.452187908084165,111250
440,7,5,2,1.0,5.0,1.0,7.31455283232408,6.61338421837956,7.732369222284388,179400
560,5,5,2,1.0,1.0,1.0,7.757051142032013,6.4967749901858625,9.517898598432753,90000
604,7,5,2,3.0,6.0,,7.5352967024440884,7.520776415062797,9.249657234353133,241500
630,7,5,3,3.0,6.0,3.0,7.333676395657684,7.333676395657684,9.586925780533697,259000
0,6,6,2,1.0,1.0,,7.3031700512368,6.610696044717759,8.748463629942055,128000
286,4,8,3,3.0,6.0,1.0,6.447305862541213,6.447305862541213,7.3310603052186325,86000
312,6,5,2,1.0,1.0,1.0,7.0909098220799835,7.0909098220799835,9.33617975681533,125000
619,6,7,2,1.0,5.0,3.0,7.96311205897929,7.193685818395112,9.411483683010726,272000
645,6,6,2,4.0,,2.0,7.27655640271871,7.028201432058005,9.400630098419315,158000
440,6,6,2,1.0,1.0,1.0,7.018401799069201,7.018401799069201,9.210440366976517,160000
577,7,5,3,2.0,6.0,3.0,7.645397699428633,7.0825485693553,8.529714471969909,207500
600,5,5,2,4.0,6.0,1.0,6.8501261661455,6.8501261661455,8.858368636308018,135960
216,6,6,3,1.0,4.0,1.0,7.3833681469923835,6.884486652042782,8.72777821348305,137450
516,4,5,2,,,1.0,7.167809184316444,0.0,9.286560397887591,90000
0,5,7,2,1.0,2.0,,6.734591659972948,6.511745329644728,8.386856689688234,87000
486,7,5,2,1.0,4.0,2.0,7.590346945602565,6.725033642166843,9.200391041122515,176000
588,7,9,4,3.0,5.0,2.0,6.907755278982137,6.851184927493743,9.402859753746583,178400
440,6,6,2,1.0,2.0,2.0,6.8658910748834385,6.8658910748834385,8.502891406705377,143750
440,8,8,3,1.0,3.0,1.0,7.911324018963353,6.74993119378857,9.265869681768663,315000
495,5,5,2,1.0,4.0,1.0,7.0630481633881725,6.82001636467413,9.074749717669835,144000
440,6,8,3,4.0,4.0,2.0,7.524021415206125,6.71295620067707,9.186150133174966,187000
528,6,6,3,1.0,1.0,1.0,7.133295954896068,7.133295954896068,9.280052984387483,142000
0,4,5,2,,,,6.816735880594968,0.0,8.738895704934043,80500
576,5,5,3,1.0,6.0,,6.947937068614969,6.947937068614969,9.430679995957659,152000
440,6,5,3,1.0,6.0,1.0,7.330405211844402,6.6293632534374485,7.658227526161352,177000
683,8,5,3,1.0,,3.0,7.8050670442584895,6.9363427358340495,9.694431800539537,267000
546,8,5,3,1.0,6.0,,8.079927770758275,8.071218539969863,9.448805939388178,430000
400,7,5,3,4.0,6.0,3.0,7.062191632286556,6.75343791859778,9.168267595554275,190000
315,6,6,2,2.0,3.0,1.0,7.52131798019924,6.947937068614969,9.258844781035798,143000
495,5,6,2,1.0,5.0,2.0,6.980075940561763,6.963189985870238,9.224341891611996,153500
889,7,5,3,1.0,1.0,2.0,7.76004068088038,7.142827401161621,9.231024963169016,265000
576,5,7,3,1.0,5.0,1.0,6.795705775173514,6.740519359606223,9.169622538697624,135000
508,6,5,3,4.0,6.0,3.0,7.309212365692763,7.2991214627108,9.482350275033667,208900
680,8,5,4,1.0,,3.0,7.585281078639126,6.652863029353347,9.392995206560258,269500
480,6,7,2,1.0,5.0,3.0,6.912742820493176,6.912742820493176,9.32741204356202,149000
280,5,3,2,2.0,1.0,1.0,7.284134806195205,6.698268054115413,8.934059722248843,91500
440,6,7,2,1.0,3.0,1.0,7.400009517162692,6.97166860472579,9.075436609511382,210000
330,6,5,2,1.0,1.0,1.0,7.285506548522785,6.816735880594968,9.770184705221707,97500
402,6,5,2,1.0,6.0,3.0,7.110696122978827,7.110696122978827,8.412054873292933,165000
440,7,5,3,4.0,6.0,,7.317876198626496,7.217443431696533,8.01102337918644,213490
528,5,3,2,1.0,2.0,1.0,7.667158255319148,7.667158255319148,9.276221741089696,137900
484,7,5,3,1.0,5.0,1.0,7.256297239690681,6.546785410760524,7.8528278122817445,155000
804,10,5,4,4.0,6.0,2.0,7.876258882303226,7.876258882303226,9.34145634983372,466500
898,8,5,3,1.0,1.0,3.0,7.292337176173877,7.292337176173877,9.170871628065816,244600
240,5,5,2,1.0,,1.0,6.651571873589727,6.651571873589727,8.946114375560743,110000
280,5,5,2,1.0,1.0,1.0,7.172424577124845,6.447305862541213,7.427144133408616,112000
576,5,7,3,2.0,,1.0,6.803505257608338,6.803505257608338,8.881975184248867,134800
180,6,7,2,1.0,1.0,1.0,6.807934943699926,6.785587645007929,8.699681400989514,119000
540,6,5,3,3.0,3.0,2.0,7.520234556474628,7.520234556474628,9.703938450075547,223000
430,7,5,3,3.0,6.0,3.0,7.349873704738337,7.2254814727822945,8.065579427282092,192500
498,5,6,2,1.0,3.0,3.0,7.168579897264035,7.168579897264035,9.051696278536586,153000
240,4,3,2,,,1.0,7.333023014386481,0.0,9.036701015565063,98000
452,3,5,2,,,1.0,7.458186157340487,0.0,9.523763287920113,139600
506,6,5,3,1.0,6.0,2.0,7.444833273892193,6.725033642166843,9.1369090938903,187000
477,6,7,2,1.0,1.0,3.0,7.533158807455563,6.373319789577012,9.400216653174247,178000
484,5,5,2,1.0,5.0,2.0,7.027314514039777,7.027314514039777,9.76428295481558,160000
480,7,5,3,1.0,6.0,1.0,7.005789019253503,6.313548046277095,8.53817159780143,148800
342,6,6,2,1.0,1.0,,7.5569505720129,6.799055862058796,8.930494185292178,177000
648,8,5,4,3.0,6.0,3.0,7.357556200910353,7.327123292259293,8.289790583181643,264561
338,5,6,2,1.0,3.0,1.0,6.957497370876951,6.957497370876951,9.169622538697624,128900
830,8,5,3,1.0,1.0,2.0,7.365812837209472,7.365812837209472,9.387062950369655,235128
552,8,5,3,2.0,6.0,2.0,7.181591944611865,7.170888478512505,9.0642735958414,229456
520,6,7,2,1.0,2.0,1.0,7.934871565945177,7.32052696227274,9.25349564229011,256000
603,6,5,3,4.0,6.0,2.0,7.4318919168078,6.424869023905388,9.457122321855792,200000
516,6,6,2,1.0,4.0,1.0,7.117205503164344,7.117205503164344,9.316590491818841,162500
462,6,6,2,1.0,5.0,3.0,7.114769448366463,6.331501849893691,7.170888478512505,124000
420,3,5,2,2.0,4.0,1.0,7.438383530044307,6.88653164253051,9.270117576012044,95000
576,4,4,2,1.0,1.0,1.0,6.842683282238422,6.842683282238422,8.699681400989514,93000
434,7,5,3,1.0,1.0,,7.575071699507561,6.742880635791903,9.424967763522053,195000
738,9,5,4,1.0,6.0,3.0,7.707512194600341,7.288244401020124,9.086476384753796,350000
871,5,6,2,1.0,4.0,1.0,7.602401335665818,6.90975328164481,8.74369111054302,145000
495,6,5,2,1.0,3.0,2.0,7.597897950521784,6.716594773520978,9.602652693506046,190000
492,7,5,3,1.0,6.0,2.0,7.529406457837013,6.821107472256465,9.506808731708581,200000
270,5,6,2,1.0,5.0,2.0,6.948897222313312,6.948897222313312,9.169622538697624,124500
180,6,5,2,1.0,1.0,1.0,6.894670039433482,6.8679744089702925,8.729235349659273,102000
478,7,5,3,1.0,1.0,2.0,7.2485040723706105,7.2485040723706105,8.051022208190679,171750
740,7,5,3,1.0,1.0,2.0,7.112327444710911,7.112327444710911,9.249849505070895,198900
275,6,7,1,2.0,3.0,3.0,6.732210706467206,6.705639094860003,9.236787541991031,130000
200,3,3,2,1.0,3.0,1.0,6.762729506931879,6.762729506931879,9.013473543740192,58500
0,5,3,2,1.0,6.0,,6.914730892718563,6.914730892718563,9.105090961257085,80000
894,9,5,3,4.0,6.0,3.0,7.519149957669823,7.519149957669823,10.825203541055348,385000
866,8,5,3,4.0,,2.0,7.444833273892193,7.444833273892193,9.539068413863964,372402
420,8,5,3,1.0,1.0,3.0,7.724888439323074,7.040536390215956,9.400216653174247,258000
560,4,6,2,1.0,1.0,1.0,7.736743682453495,6.656726524178391,9.33617975681533,122500
312,4,5,2,1.0,5.0,2.0,7.00397413672268,7.00397413672268,9.433003808053515,141000
550,6,7,2,2.0,4.0,3.0,7.658227526161352,7.095064377287131,9.46699606582284,237500
288,4,3,2,1.0,1.0,1.0,6.8679744089702925,6.511745329644728,9.096835671179361,112000
468,7,5,2,1.0,1.0,1.0,7.4815557019095165,6.859614903654202,8.71948076085107,129900
240,6,5,2,1.0,4.0,1.0,6.9874902470009905,6.9874902470009905,9.36434818445553,119200
528,5,7,3,1.0,6.0,1.0,7.023758954738443,6.829793737512425,9.392745258631441,147000
582,8,5,3,2.0,6.0,3.0,7.199678345691172,7.199678345691172,8.501267040865978,213500
422,6,5,2,1.0,5.0,3.0,7.471363088187097,6.771935555839602,9.1381996941985,204000
309,6,7,3,4.0,2.0,2.0,7.172424577124845,7.172424577124845,9.143238568435446,158000
327,4,6,2,1.0,5.0,1.0,6.858565034791365,6.858565034791365,9.078635880978755,106500
264,6,5,2,1.0,4.0,1.0,6.895682697747868,6.182084906716632,7.577633832602728,83000
450,5,5,2,1.0,5.0,3.0,6.994849985833071,6.994849985833071,8.857230494201946,157000
660,5,5,2,1.0,,1.0,7.380879035564116,6.892641641172089,9.305559638557117,117000
440,6,5,3,1.0,6.0,1.0,7.321849713788356,6.6293632534374485,7.658227526161352,168500
312,6,5,1,1.0,1.0,1.0,7.363913501405819,6.880384082186005,8.769662508112274,140200
518,7,7,3,4.0,2.0,2.0,7.681560362559537,7.084226422097916,9.772410288929185,294000
492,6,7,2,3.0,5.0,1.0,7.10085190894405,6.2285110035911835,9.044521887281242,151000
440,5,6,2,3.0,4.0,1.0,6.877296071497429,6.877296071497429,9.24541789858888,122000
525,6,5,2,4.0,,,6.9782137426306985,6.306275286948016,8.209580483475577,148000
588,8,5,4,4.0,6.0,2.0,7.325807502595773,7.325807502595773,9.447623486844112,274000
312,5,7,2,1.0,,1.0,7.080867896690782,7.080867896690782,10.17133674723419,157900
936,7,5,3,1.0,1.0,3.0,7.580189417944541,6.934397209928558,9.271059107010888,250000
440,6,6,2,1.0,5.0,2.0,6.975413927455952,6.975413927455952,8.304989580140361,140000
522,8,5,4,3.0,1.0,2.0,7.489412083508719,7.469654172932128,9.379154445411636,236500
520,5,4,2,1.0,4.0,,7.789454566086673,6.86171134048073,9.287394001418473,160000
287,3,6,2,,,1.0,6.580639137284949,0.0,8.799058378546453,72500
433,6,6,2,1.0,5.0,2.0,7.140453043101158,7.140453043101158,9.118334726180159,163000
180,5,7,2,1.0,4.0,1.0,6.775366090936392,6.573680166960646,8.71948076085107,105000
240,5,8,2,1.0,1.0,1.0,6.511745329644728,6.511745329644728,9.23024103368252,108000
0,6,5,2,4.0,,,6.8885724595653635,6.852242569051878,9.148571345578551,127500
936,3,4,2,1.0,1.0,1.0,7.102499355774649,6.511745329644728,9.250618218474752,105000
480,5,7,2,1.0,4.0,3.0,7.304515946460155,7.304515946460155,9.204121072162266,167000
240,6,7,2,1.0,2.0,1.0,7.415175109613295,6.573680166960646,9.391744841707654,188700
497,7,5,3,3.0,6.0,1.0,7.1049654482698426,7.080867896690782,9.205126804923296,173000
234,7,7,1,1.0,3.0,1.0,7.355641102974253,6.558197802812269,9.392745258631441,174500
388,7,5,3,3.0,6.0,3.0,7.307202314764738,6.670766320845874,9.641148287756142,184000
380,8,6,2,2.0,4.0,1.0,8.069342366811636,6.873163834212518,9.4066470133368,359100
577,7,5,3,4.0,6.0,2.0,7.31455283232408,7.307202314764738,9.243388226022383,204000
400,7,5,3,1.0,1.0,3.0,7.186144304522325,6.493753839851686,8.955577146281511,162000
676,8,5,3,1.0,6.0,3.0,7.868254265520613,7.111512116496157,9.40951904583656,336000
795,8,4,3,1.0,,1.0,8.043342170441608,7.215975002651466,10.143291544743445,235000
440,4,5,2,1.0,1.0,1.0,7.7102051944325325,6.679599185844383,8.733110697638708,118500
505,7,5,2,1.0,4.0,3.0,7.612336837167746,7.057036981697891,9.21094019204815,192000
539,7,7,3,1.0,5.0,3.0,7.724888439323074,6.679599185844383,9.720765915720834,235000
462,7,5,2,1.0,1.0,3.0,7.398174092970465,6.841615476477592,9.114379980830272,176500
500,8,5,4,1.0,6.0,3.0,7.161622002939187,7.13966033596492,9.613402595468036,245500
288,6,7,2,1.0,4.0,1.0,6.985641817639208,6.985641817639208,9.155356063643422,136000
544,6,5,3,3.0,6.0,2.0,7.438971592395862,7.428333194190806,9.119977931895791,200000
398,6,6,2,1.0,2.0,1.0,7.1785454837637,6.42648845745769,8.853808274977197,112000
436,4,7,3,1.0,4.0,1.0,6.97354301952014,6.97354301952014,9.169622538697624,128000
440,6,8,1,1.0,1.0,1.0,7.564757012905729,6.928537818164665,9.120743838164426,137000
564,7,5,3,1.0,,2.0,7.932003152361385,7.239214973779806,9.722744748855389,250000
583,7,6,3,3.0,6.0,2.0,7.6487397889562425,7.011213987350367,9.18512512283512,274300
432,6,8,2,3.0,,1.0,6.705639094860003,6.705639094860003,8.681181041521688,120500
501,6,5,3,3.0,6.0,3.0,7.577633832602728,7.365812837209472,10.880082855015793,240000
499,8,5,4,1.0,6.0,3.0,7.414572881350589,7.31455283232408,8.642062173462106,278000
454,5,4,2,2.0,5.0,1.0,7.484368643286131,7.475339236566737,9.793728488543389,170000
438,7,5,3,3.0,6.0,3.0,7.130098510125578,7.130098510125578,8.010027528481734,167240
650,7,5,3,1.0,,3.0,7.5652752818989315,6.964135612418245,8.860924729719041,226000
460,6,8,2,4.0,5.0,2.0,7.141245122350491,7.141245122350491,9.169622538697624,181500
792,7,5,4,3.0,6.0,,7.89989532313973,7.142827401161621,9.20693457884135,383970
336,5,8,2,1.0,6.0,1.0,6.796823718274855,6.796823718274855,9.042040056544483,138500
672,6,7,2,1.0,1.0,1.0,7.556427969440253,6.180016653652572,9.287394001418473,163000
300,5,5,2,1.0,4.0,1.0,6.873163834212518,6.720220155135295,8.962007209588313,119900
0,6,5,2,3.0,1.0,,7.509335266016592,6.816735880594968,9.148571345578551,139000
748,8,5,3,4.0,,2.0,7.488852955733459,7.469654172932128,9.601165503344832,275000
0,4,4,1,1.0,5.0,,7.273092595999522,7.273092595999522,9.401704256754366,118000
288,6,5,2,1.0,4.0,1.0,7.133295954896068,6.940222469119639,9.169622538697624,119000
691,8,5,3,4.0,6.0,3.0,7.59488438721652,7.594381242551817,9.568294497413296,301500
588,4,5,2,3.0,4.0,2.0,7.074963197966044,7.037905963447182,9.211639527707803,137500
451,6,5,2,1.0,1.0,3.0,7.491645473605133,6.842683282238422,9.23620303150191,186500
0,5,8,2,1.0,1.0,,6.762729506931879,6.762729506931879,8.309184527686298,99900
525,5,6,2,2.0,5.0,2.0,7.029087564149662,7.02197642307216,9.071193240566025,155000
1025,8,5,3,3.0,1.0,2.0,7.580699752224563,6.9930151229329605,9.105090961257085,270000
442,6,5,2,1.0,1.0,1.0,7.517520850603031,6.6293632534374485,8.94910546953925,155000
408,5,7,2,1.0,1.0,1.0,6.807934943699926,6.776506992372183,8.876684166614451,109900
484,5,7,3,2.0,2.0,1.0,6.947937068614969,6.947937068614969,9.082620630373812,150500
264,6,5,2,1.0,1.0,1.0,6.823286122355687,6.823286122355687,8.973731569708402,99500
364,6,6,2,3.0,4.0,2.0,7.327123292259293,7.053585727193677,9.169622538697624,153000
544,7,5,2,1.0,5.0,3.0,7.252762418053187,7.234898420314831,9.38437770918244,82500
396,6,5,2,1.0,3.0,1.0,7.629975707027789,6.601230118728877,9.169622538697624,129500
432,6,7,3,3.0,,1.0,7.697121317282625,6.548219102762372,9.88791695754517,274970
397,7,5,3,1.0,1.0,3.0,7.4127640174265625,6.616065185132817,8.843903650835497,165400
514,7,5,3,4.0,6.0,2.0,7.3098814858247865,7.301822342137932,9.692581318886397,215000
476,6,6,2,1.0,1.0,1.0,7.355641102974253,6.478509642208569,9.036106025364846,171000
576,6,5,2,1.0,5.0,1.0,6.889591308354466,6.889591308354466,9.262078567380597,143250
180,6,7,3,1.0,1.0,1.0,7.315218389752975,6.401917196727186,9.267948684596496,165000
299,5,5,2,1.0,3.0,3.0,6.996681488176539,6.996681488176539,9.605822482030945,141000
281,5,5,2,1.0,3.0,1.0,7.327123292259293,6.677083461247136,8.412054873292933,159434
564,5,6,2,3.0,2.0,,7.186144304522325,7.060476365999801,9.373988663504516,164500
862,8,5,3,2.0,6.0,3.0,7.515889085215125,7.515889085215125,9.338117741918008,280000
308,7,4,2,1.0,1.0,1.0,7.5443321080536885,6.8308742346461795,9.222367752188902,122000
720,5,6,2,1.0,,1.0,7.030857476116121,7.02197642307216,9.287394001418473,120000
834,7,5,3,1.0,,3.0,7.782807262839695,7.22983877815125,9.374837343857585,315750
432,6,7,2,2.0,3.0,1.0,7.596894438144544,6.75110146893676,9.330431852234003,220000
765,9,5,4,3.0,6.0,,7.516977224604321,7.516977224604321,9.58891378461603,315000
299,6,7,2,1.0,5.0,3.0,7.210079628170788,6.498282149476434,9.144734614878189,158000
527,7,5,3,1.0,6.0,3.0,7.450660796211539,7.450660796211539,9.268043082104471,260400
490,6,6,2,1.0,3.0,3.0,7.448333860897476,6.755768921984255,9.13216259091216,171000
264,5,7,3,1.0,5.0,1.0,6.907755278982137,6.907755278982137,8.95660873889395,132500
420,6,8,2,1.0,,3.0,7.293697720601438,6.523562306149512,9.186662244621605,185000
451,4,5,3,1.0,6.0,3.0,7.0326242610280065,7.0326242610280065,8.857230494201946,176000
396,6,7,2,2.0,1.0,3.0,7.423568444259167,7.059617628291383,9.988793309115229,185000
511,6,5,3,1.0,6.0,3.0,7.198931240688173,7.2485040723706105,8.309184527686298,181000
539,7,5,2,1.0,,1.0,7.2078598714324755,7.2078598714324755,9.042040056544483,179000
672,5,5,2,1.0,4.0,1.0,7.046647277848756,7.046647277848756,8.978660489639687,132500
440,6,5,2,1.0,2.0,2.0,7.428927194802272,6.823286122355687,9.32232887392423,172500
0,4,6,2,1.0,1.0,,7.20414929203594,6.304448802421981,7.335633981927201,97000
349,5,5,2,1.0,1.0,,7.436617265234227,7.039660349862076,9.523251498473739,143900
294,5,7,2,,,2.0,6.78332520060396,0.0,9.028818495352793,106500
409,7,5,3,1.0,1.0,3.0,7.547501682814967,6.569481420414296,9.290352309945568,194500
308,5,5,2,1.0,1.0,,6.796823718274855,6.796823718274855,8.79497643168877,109500
264,5,5,2,1.0,5.0,2.0,7.502738210754851,6.762729506931879,8.934718614016768,169500
496,7,5,2,1.0,,1.0,7.44716835960004,6.8885724595653635,9.25167423546916,196500
576,6,5,3,1.0,6.0,1.0,7.016609683894219,7.016609683894219,9.524859098381523,155000
954,7,6,3,3.0,1.0,2.0,7.432483807917119,7.432483807917119,9.195226734166134,248328
240,5,5,2,1.0,3.0,1.0,7.227662498728654,6.645090969505644,9.158309963881798,105000
538,8,7,4,4.0,,3.0,7.902857191280582,7.577121930876679,9.536834420213353,345000
531,8,5,4,3.0,6.0,2.0,7.5352967024440884,7.170119543449628,9.383116515926606,261500
0,5,7,2,4.0,4.0,,6.755768921984255,6.755768921984255,8.882946799288174,116500
660,4,6,3,1.0,,1.0,6.762729506931879,6.762729506931879,8.848078421168667,120500
702,9,5,3,3.0,6.0,,7.419979923661835,7.394493107219038,9.328034514792826,285000
366,5,5,2,1.0,5.0,1.0,6.728628613084702,6.129050210060545,9.271059107010888,83000
286,5,5,2,1.0,2.0,1.0,7.029087564149662,6.842683282238422,9.105090961257085,118000
240,6,5,2,1.0,1.0,1.0,7.402451520818244,6.970730078143525,9.257319373170178,115000
461,5,7,2,1.0,5.0,1.0,7.102499355774649,7.102499355774649,9.123801610558944,140000
441,6,6,2,1.0,3.0,,7.350516171833998,6.590301048196686,9.367429587218957,154000
484,7,5,3,3.0,6.0,2.0,7.21890970761906,7.21890970761906,8.86120833720818,185850
642,7,5,3,1.0,1.0,3.0,7.71289096149013,6.872128101338986,9.47324295306374,222000
504,6,5,2,4.0,6.0,1.0,6.912742820493176,6.883462586413092,9.262078567380597,135000
440,4,5,2,1.0,1.0,2.0,7.022868086082641,7.022868086082641,9.053335623166017,140000
440,5,6,2,1.0,3.0,2.0,7.451241684987676,7.2875606403097235,9.243388226022383,180000
440,7,5,3,3.0,,3.0,7.183111701743281,7.183111701743281,9.321523900936798,200141
440,6,5,2,1.0,3.0,,7.1891677384203225,6.9930151229329605,9.066354521447801,160000
565,8,5,3,3.0,6.0,2.0,7.215975002651466,7.107425474110705,8.668196064952765,187500
312,6,6,2,1.0,1.0,2.0,7.085901464365611,7.085901464365611,9.078065332666364,148000
834,9,2,4,3.0,6.0,3.0,7.526717561352706,7.526717561352706,9.340929941679784,394432
280,5,5,2,1.0,4.0,1.0,6.803505257608338,6.78332520060396,9.192176401348512,122000
240,5,6,2,1.0,5.0,1.0,7.034387929915503,6.6293632534374485,9.007121989469242,126000
560,6,5,3,1.0,5.0,3.0,7.581719640125308,6.690842277418564,9.41001056710475,215000
816,5,8,2,1.0,,3.0,6.705639094860003,6.705639094860003,8.79497643168877,138000
450,5,5,2,1.0,4.0,,6.796823718274855,6.796823718274855,9.073947747070628,129000
286,4,5,2,1.0,4.0,2.0,6.996681488176539,6.304448802421981,7.5883236773352225,83500
495,6,5,2,2.0,3.0,,6.9985096422506015,6.9985096422506015,9.254644297532707,155000
470,6,7,4,1.0,5.0,3.0,7.502186486602924,6.97914527506881,9.55506418479516,230000
0,4,7,2,,,,7.166265974133638,0.0,9.287394001418473,106250
645,7,5,3,1.0,6.0,2.0,7.618251097876695,6.964135612418245,9.145908511816794,219500
352,6,5,2,1.0,4.0,2.0,7.134093721192866,7.134093721192866,9.298442820197728,157000
693,7,5,2,1.0,2.0,3.0,7.83002808253384,7.104144092987527,9.321076413570848,250000
480,5,6,2,2.0,4.0,2.0,7.051855622955894,7.051855622955894,9.305741456739435,154000
429,6,5,2,1.0,1.0,2.0,7.284134806195205,6.591673732008658,9.653679132512428,172785
463,6,5,2,1.0,1.0,3.0,7.496097345175956,6.890609120147166,9.002577922700276,179000
180,5,7,2,1.0,1.0,1.0,7.4127640174265625,6.493753839851686,9.250618218474752,135000
856,8,5,3,2.0,6.0,,7.768956044538332,7.133295954896068,9.151757414543885,337000
484,7,5,3,2.0,6.0,,7.270312886079025,7.270312886079025,9.042040056544483,210000
539,6,5,2,3.0,5.0,2.0,6.968850378341948,6.937314081223682,9.335562336729565,146800
566,5,8,3,1.0,5.0,,7.2909747781429814,6.680854678790215,9.287394001418473,170000
576,5,7,3,3.0,5.0,1.0,7.052721049232323,7.01211529430638,9.37441309371334,148000
532,7,5,3,3.0,6.0,2.0,7.337587743538596,7.337587743538596,9.119977931895791,214000
300,5,6,2,4.0,,1.0,6.879355804460439,6.879355804460439,9.202409001649903,128500
588,6,6,2,3.0,6.0,,6.911747300251674,6.911747300251674,8.97941663334301,142500
478,7,5,3,4.0,6.0,3.0,7.316548177182976,7.316548177182976,9.382948236582498,203000
400,5,5,2,1.0,3.0,,7.560601162768557,6.834108738813838,9.336620537886512,137000
528,7,6,2,1.0,5.0,1.0,7.1252830915107115,7.1252830915107115,9.169622538697624,175500
252,7,9,3,1.0,6.0,2.0,7.75833346749091,7.050122520269059,9.10974625674048,266500
598,7,5,3,1.0,1.0,2.0,7.415776975415394,7.408530566894626,9.4040963063958,224900
504,6,7,2,1.0,4.0,2.0,7.01571242048723,7.042286171939743,8.976893927666076,148000
305,4,7,2,1.0,5.0,1.0,7.115582126184454,6.617402977974478,8.45807992692373,121600
473,6,6,2,1.0,5.0,1.0,7.154615356913663,7.087573705557973,9.222861652529854,171500
726,9,5,4,3.0,6.0,3.0,7.889459149404524,7.360739903058278,9.524347869595513,412500
539,4,5,2,1.0,4.0,1.0,7.097548850614793,6.660575149839686,8.738895704934043,103000
400,7,5,3,3.0,6.0,3.0,7.1785454837637,7.1785454837637,9.078864009187797,164990
666,8,5,4,1.0,1.0,3.0,7.854381210652365,7.118826249062078,9.428591977209965,361919
672,5,5,2,4.0,6.0,1.0,6.842683282238422,6.842683282238422,8.881975184248867,140000
216,6,4,1,1.0,1.0,1.0,7.4073177104694174,6.693323668269949,8.83331693749932,128000
632,7,5,3,3.0,6.0,2.0,7.107425474110705,7.090076835776092,8.91018077801329,194000
461,5,5,2,1.0,2.0,1.0,6.78332520060396,6.78332520060396,8.94910546953925,112500
440,5,5,2,1.0,1.0,1.0,7.172424577124845,6.447305862541213,7.6093665379542115,106000
500,7,5,2,1.0,1.0,,7.274479558773871,7.261927092702751,9.380251908693456,180500
556,9,5,4,1.0,6.0,3.0,7.3537223303996315,7.3537223303996315,8.897545598709327,277500
412,6,5,2,1.0,6.0,,7.094234845924755,7.094234845924755,8.412054873292933,162000
360,7,9,3,1.0,3.0,1.0,7.229113877793302,6.536691597591305,9.169622538697624,161000
420,6,5,3,3.0,6.0,2.0,6.744059186311348,6.744059186311348,8.395477432732141,149300
541,7,5,3,3.0,6.0,2.0,7.330405211844402,7.330405211844402,9.116139576577355,235000
480,5,3,2,1.0,3.0,1.0,7.119635638017636,7.119635638017636,9.04793908261736,98600
432,6,5,3,1.0,1.0,3.0,7.253470382684528,6.424869023905388,9.047821442478408,156932
528,5,5,2,,,1.0,7.714677473800927,0.0,8.856376036730422,142953
590,7,5,3,1.0,6.0,2.0,7.738923757439457,6.999422467507961,9.499046919474152,268000
502,8,5,3,3.0,4.0,3.0,7.419979923661835,7.4133673356952405,9.27199975236291,232000
865,7,5,3,3.0,6.0,2.0,7.387090235656757,7.387090235656757,9.324650718153594,221500
0,5,9,3,1.0,5.0,,6.7650389767805414,6.532334292222349,8.263848131368906,110500
840,7,5,3,3.0,1.0,2.0,7.3098814858247865,7.3098814858247865,9.273596821611198,279500
432,7,5,3,1.0,,3.0,7.267525427828172,6.57507584059962,8.961366060627451,188500
736,8,5,4,3.0,6.0,3.0,7.552237287560802,6.9650803456014065,9.29908358181057,275000
352,6,6,2,3.0,5.0,1.0,7.026426808699636,6.948897222313312,8.881975184248867,125000
525,6,5,2,4.0,6.0,3.0,6.9782137426306985,6.306275286948016,8.209580483475577,140000
303,5,5,2,1.0,2.0,3.0,7.532623618788788,7.388946097618437,9.278839788400875,190000
400,6,8,1,1.0,4.0,1.0,7.301822342137932,6.511745329644728,9.405578154036684,140000
853,8,5,3,3.0,1.0,2.0,7.773594467360194,7.055312843339752,9.562123369834488,325300
420,5,5,2,,,1.0,6.955592608396297,0.0,8.881975184248867,98300
492,7,6,3,4.0,5.0,1.0,7.507141079727608,6.762729506931879,9.525224101853109,201800
480,7,5,3,1.0,1.0,2.0,7.0909098220799835,6.398594934535208,8.064950891749143,151000
746,9,5,4,4.0,1.0,3.0,7.610357618312838,7.602401335665818,9.48910782703839,378500
0,5,6,2,1.0,4.0,,6.904750769961838,6.904750769961838,9.540219493127752,108000
420,6,5,3,3.0,6.0,3.0,6.744059186311348,6.744059186311348,8.397508348470257,136500
578,7,6,3,1.0,1.0,3.0,7.474204806496124,6.774223886357614,9.23092700558457,227875
576,5,5,2,1.0,3.0,3.0,6.964135612418245,6.964135612418245,8.912069097970134,132000
682,8,5,4,3.0,6.0,3.0,7.374001859350161,7.374001859350161,8.501876487304344,286000
490,7,5,3,1.0,6.0,1.0,7.232010331664759,6.513230110912307,7.883069351305753,165000
530,7,5,3,2.0,,,7.238496840894365,7.238496840894365,8.36240897761537,196000
288,5,7,2,1.0,4.0,1.0,7.218176838403408,6.9167150203536085,9.586033321750676,164900
527,7,5,3,1.0,,2.0,7.286191714702382,7.286191714702382,9.07680897935166,192000
499,8,5,4,3.0,6.0,2.0,7.410347097821024,7.3098814858247865,8.581294116822761,251000
576,6,6,2,4.0,6.0,1.0,6.934397209928558,6.846943139585379,9.30301070681749,147000
864,7,7,3,1.0,1.0,1.0,7.878912912297133,7.123672785204607,9.367429587218957,265979
520,6,5,3,1.0,1.0,2.0,7.403061091090091,6.683360945766275,9.032050676295599,173000
280,7,7,3,1.0,1.0,1.0,7.011213987350367,6.45833828334479,8.915969311373605,139400
0,4,4,1,1.0,,,6.542471960506805,6.542471960506805,8.323365694436081,52500
352,5,4,3,1.0,2.0,1.0,7.093404625868766,6.565264970035361,8.855948534052018,110000
995,5,4,2,4.0,3.0,2.0,7.360739903058278,7.360739903058278,10.466924601573329,186700
573,7,5,3,1.0,1.0,3.0,7.353081920515432,7.353081920515432,9.126632622902697,201000
492,6,6,2,1.0,3.0,1.0,7.580189417944541,6.887552571664617,8.873047798971067,145000
384,5,5,2,1.0,3.0,,6.796823718274855,6.796823718274855,8.867145589594143,125000
430,8,5,3,1.0,6.0,3.0,7.146772179452637,7.136483208590247,8.065579427282092,192000
554,7,5,4,1.0,,2.0,7.264730177929867,7.257002707092073,9.41531995266272,227680
774,8,5,4,3.0,6.0,3.0,7.566828479208331,7.566828479208331,9.429074214801693,394617
564,9,5,4,1.0,6.0,2.0,7.429520842786462,7.429520842786462,9.088172738001974,266000
841,8,5,4,4.0,5.0,3.0,8.09559870137819,7.409136443920128,10.887530386461101,538000
288,4,6,2,2.0,5.0,1.0,6.705639094860003,6.705639094860003,9.09133158539398,100000
487,7,6,3,1.0,3.0,,7.67693714581808,6.829793737512425,9.561067663645012,226000
523,6,5,3,1.0,6.0,2.0,7.428333194190806,6.690842277418564,9.076923258535832,200500
0,5,9,2,1.0,1.0,,6.54965074223381,6.54965074223381,9.149103062504993,118000
572,5,5,2,3.0,4.0,,7.431299675155903,6.617402977974478,10.954326659732555,160000
528,6,5,3,3.0,1.0,2.0,7.110696122978827,6.418364935936212,8.281977058867758,164500
352,5,4,2,1.0,6.0,1.0,7.455298485683291,7.455298485683291,9.270964993792617,119000
484,6,5,2,1.0,1.0,1.0,7.040536390215956,7.040536390215956,9.47830431356186,142500
526,7,5,2,4.0,6.0,1.0,7.15305163493748,7.15305163493748,9.271341393533582,167000
264,4,5,2,1.0,1.0,1.0,7.024649030453636,6.597145701886651,8.709630081951286,100000
542,8,5,3,1.0,5.0,3.0,7.83399634170946,7.83399634170946,9.169622538697624,278000
440,6,5,3,1.0,6.0,2.0,7.181591944611865,7.181591944611865,9.139703292376742,176432
576,4,3,3,1.0,4.0,1.0,7.591861714889934,7.023758954738443,8.962519832949532,135000
572,5,7,2,1.0,3.0,1.0,6.762729506931879,6.762729506931879,9.00859131751613,115000
216,7,8,3,1.0,1.0,1.0,7.2633296174768365,6.816735880594968,8.941545475242885,189950
660,7,5,3,1.0,1.0,3.0,7.349873704738337,7.2254814727822945,8.212025804623437,174000
